mode	run_id
validate	validate-r1-jolt-balls-matched-t1
validate	validate-r1-jolt-balls-matched-t4
validate	validate-r1-jolt-balls-matched-t8
validate	validate-r1-jolt-balls-matched-t16
validate	validate-r1-jolt-4-balls-matched-t1
validate	validate-r1-jolt-4-balls-matched-t4
validate	validate-r1-jolt-4-balls-matched-t8
validate	validate-r1-jolt-4-balls-matched-t16
validate	validate-r1-rapier-par-balls-matched-t1
validate	validate-r1-rapier-par-balls-matched-t4
validate	validate-r1-rapier-par-balls-matched-t8
validate	validate-r1-rapier-par-balls-matched-t16
validate	validate-r1-avian-par-balls-matched-t1
validate	validate-r1-avian-par-balls-matched-t4
validate	validate-r1-avian-par-balls-matched-t8
validate	validate-r1-avian-par-balls-matched-t16
validate	validate-r1-jolt-balls-defaults-t1
validate	validate-r1-jolt-balls-defaults-t4
validate	validate-r1-jolt-balls-defaults-t8
validate	validate-r1-jolt-balls-defaults-t16
validate	validate-r1-jolt-4-balls-defaults-t1
validate	validate-r1-jolt-4-balls-defaults-t4
validate	validate-r1-jolt-4-balls-defaults-t8
validate	validate-r1-jolt-4-balls-defaults-t16
validate	validate-r1-rapier-par-balls-defaults-t1
validate	validate-r1-rapier-par-balls-defaults-t4
validate	validate-r1-rapier-par-balls-defaults-t8
validate	validate-r1-rapier-par-balls-defaults-t16
validate	validate-r1-avian-par-balls-defaults-t1
validate	validate-r1-avian-par-balls-defaults-t4
validate	validate-r1-avian-par-balls-defaults-t8
validate	validate-r1-avian-par-balls-defaults-t16
validate	validate-r1-jolt-capsules-matched-t1
validate	validate-r1-jolt-capsules-matched-t4
validate	validate-r1-jolt-capsules-matched-t8
validate	validate-r1-jolt-capsules-matched-t16
validate	validate-r1-jolt-4-capsules-matched-t1
validate	validate-r1-jolt-4-capsules-matched-t4
validate	validate-r1-jolt-4-capsules-matched-t8
validate	validate-r1-jolt-4-capsules-matched-t16
validate	validate-r1-rapier-par-capsules-matched-t1
validate	validate-r1-rapier-par-capsules-matched-t4
validate	validate-r1-rapier-par-capsules-matched-t8
validate	validate-r1-rapier-par-capsules-matched-t16
validate	validate-r1-avian-par-capsules-matched-t1
validate	validate-r1-avian-par-capsules-matched-t4
validate	validate-r1-avian-par-capsules-matched-t8
validate	validate-r1-avian-par-capsules-matched-t16
validate	validate-r1-jolt-capsules-defaults-t1
validate	validate-r1-jolt-capsules-defaults-t4
validate	validate-r1-jolt-capsules-defaults-t8
validate	validate-r1-jolt-capsules-defaults-t16
validate	validate-r1-jolt-4-capsules-defaults-t1
validate	validate-r1-jolt-4-capsules-defaults-t4
validate	validate-r1-jolt-4-capsules-defaults-t8
validate	validate-r1-jolt-4-capsules-defaults-t16
validate	validate-r1-rapier-par-capsules-defaults-t1
validate	validate-r1-rapier-par-capsules-defaults-t4
validate	validate-r1-rapier-par-capsules-defaults-t8
validate	validate-r1-rapier-par-capsules-defaults-t16
validate	validate-r1-avian-par-capsules-defaults-t1
validate	validate-r1-avian-par-capsules-defaults-t4
validate	validate-r1-avian-par-capsules-defaults-t8
validate	validate-r1-avian-par-capsules-defaults-t16
validate	validate-r1-jolt-joint_ball-matched-t1
validate	validate-r1-jolt-joint_ball-matched-t4
validate	validate-r1-jolt-joint_ball-matched-t8
validate	validate-r1-jolt-joint_ball-matched-t16
validate	validate-r1-jolt-4-joint_ball-matched-t1
validate	validate-r1-jolt-4-joint_ball-matched-t4
validate	validate-r1-jolt-4-joint_ball-matched-t8
validate	validate-r1-jolt-4-joint_ball-matched-t16
validate	validate-r1-rapier-par-joint_ball-matched-t1
validate	validate-r1-rapier-par-joint_ball-matched-t4
validate	validate-r1-rapier-par-joint_ball-matched-t8
validate	validate-r1-rapier-par-joint_ball-matched-t16
validate	validate-r1-avian-par-joint_ball-matched-t1
validate	validate-r1-avian-par-joint_ball-matched-t4
validate	validate-r1-avian-par-joint_ball-matched-t8
validate	validate-r1-avian-par-joint_ball-matched-t16
validate	validate-r1-jolt-joint_ball-defaults-t1
validate	validate-r1-jolt-joint_ball-defaults-t4
validate	validate-r1-jolt-joint_ball-defaults-t8
validate	validate-r1-jolt-joint_ball-defaults-t16
validate	validate-r1-jolt-4-joint_ball-defaults-t1
validate	validate-r1-jolt-4-joint_ball-defaults-t4
validate	validate-r1-jolt-4-joint_ball-defaults-t8
validate	validate-r1-jolt-4-joint_ball-defaults-t16
validate	validate-r1-rapier-par-joint_ball-defaults-t1
validate	validate-r1-rapier-par-joint_ball-defaults-t4
validate	validate-r1-rapier-par-joint_ball-defaults-t8
validate	validate-r1-rapier-par-joint_ball-defaults-t16
validate	validate-r1-avian-par-joint_ball-defaults-t1
validate	validate-r1-avian-par-joint_ball-defaults-t4
validate	validate-r1-avian-par-joint_ball-defaults-t8
validate	validate-r1-avian-par-joint_ball-defaults-t16
validate	validate-r1-jolt-joint_fixed-matched-t1
validate	validate-r1-jolt-joint_fixed-matched-t4
validate	validate-r1-jolt-joint_fixed-matched-t8
validate	validate-r1-jolt-joint_fixed-matched-t16
validate	validate-r1-jolt-4-joint_fixed-matched-t1
validate	validate-r1-jolt-4-joint_fixed-matched-t4
validate	validate-r1-jolt-4-joint_fixed-matched-t8
validate	validate-r1-jolt-4-joint_fixed-matched-t16
validate	validate-r1-rapier-par-joint_fixed-matched-t1
validate	validate-r1-rapier-par-joint_fixed-matched-t4
validate	validate-r1-rapier-par-joint_fixed-matched-t8
validate	validate-r1-rapier-par-joint_fixed-matched-t16
validate	validate-r1-avian-par-joint_fixed-matched-t1
validate	validate-r1-avian-par-joint_fixed-matched-t4
validate	validate-r1-avian-par-joint_fixed-matched-t8
validate	validate-r1-avian-par-joint_fixed-matched-t16
validate	validate-r1-jolt-joint_fixed-defaults-t1
validate	validate-r1-jolt-joint_fixed-defaults-t4
validate	validate-r1-jolt-joint_fixed-defaults-t8
validate	validate-r1-jolt-joint_fixed-defaults-t16
validate	validate-r1-jolt-4-joint_fixed-defaults-t1
validate	validate-r1-jolt-4-joint_fixed-defaults-t4
validate	validate-r1-jolt-4-joint_fixed-defaults-t8
validate	validate-r1-jolt-4-joint_fixed-defaults-t16
validate	validate-r1-rapier-par-joint_fixed-defaults-t1
validate	validate-r1-rapier-par-joint_fixed-defaults-t4
validate	validate-r1-rapier-par-joint_fixed-defaults-t8
validate	validate-r1-rapier-par-joint_fixed-defaults-t16
validate	validate-r1-avian-par-joint_fixed-defaults-t1
validate	validate-r1-avian-par-joint_fixed-defaults-t4
validate	validate-r1-avian-par-joint_fixed-defaults-t8
validate	validate-r1-avian-par-joint_fixed-defaults-t16
validate	validate-r1-jolt-joint_prismatic-matched-t1
validate	validate-r1-jolt-joint_prismatic-matched-t4
validate	validate-r1-jolt-joint_prismatic-matched-t8
validate	validate-r1-jolt-joint_prismatic-matched-t16
validate	validate-r1-jolt-4-joint_prismatic-matched-t1
validate	validate-r1-jolt-4-joint_prismatic-matched-t4
validate	validate-r1-jolt-4-joint_prismatic-matched-t8
validate	validate-r1-jolt-4-joint_prismatic-matched-t16
validate	validate-r1-rapier-par-joint_prismatic-matched-t1
validate	validate-r1-rapier-par-joint_prismatic-matched-t4
validate	validate-r1-rapier-par-joint_prismatic-matched-t8
validate	validate-r1-rapier-par-joint_prismatic-matched-t16
validate	validate-r1-avian-par-joint_prismatic-matched-t1
validate	validate-r1-avian-par-joint_prismatic-matched-t4
validate	validate-r1-avian-par-joint_prismatic-matched-t8
validate	validate-r1-avian-par-joint_prismatic-matched-t16
validate	validate-r1-jolt-joint_prismatic-defaults-t1
validate	validate-r1-jolt-joint_prismatic-defaults-t4
validate	validate-r1-jolt-joint_prismatic-defaults-t8
validate	validate-r1-jolt-joint_prismatic-defaults-t16
validate	validate-r1-jolt-4-joint_prismatic-defaults-t1
validate	validate-r1-jolt-4-joint_prismatic-defaults-t4
validate	validate-r1-jolt-4-joint_prismatic-defaults-t8
validate	validate-r1-jolt-4-joint_prismatic-defaults-t16
validate	validate-r1-rapier-par-joint_prismatic-defaults-t1
validate	validate-r1-rapier-par-joint_prismatic-defaults-t4
validate	validate-r1-rapier-par-joint_prismatic-defaults-t8
validate	validate-r1-rapier-par-joint_prismatic-defaults-t16
validate	validate-r1-avian-par-joint_prismatic-defaults-t1
validate	validate-r1-avian-par-joint_prismatic-defaults-t4
validate	validate-r1-avian-par-joint_prismatic-defaults-t8
validate	validate-r1-avian-par-joint_prismatic-defaults-t16
validate	validate-r1-jolt-joint_revolute-matched-t1
validate	validate-r1-jolt-joint_revolute-matched-t4
validate	validate-r1-jolt-joint_revolute-matched-t8
validate	validate-r1-jolt-joint_revolute-matched-t16
validate	validate-r1-jolt-4-joint_revolute-matched-t1
validate	validate-r1-jolt-4-joint_revolute-matched-t4
validate	validate-r1-jolt-4-joint_revolute-matched-t8
validate	validate-r1-jolt-4-joint_revolute-matched-t16
validate	validate-r1-rapier-par-joint_revolute-matched-t1
validate	validate-r1-rapier-par-joint_revolute-matched-t4
validate	validate-r1-rapier-par-joint_revolute-matched-t8
validate	validate-r1-rapier-par-joint_revolute-matched-t16
validate	validate-r1-avian-par-joint_revolute-matched-t1
validate	validate-r1-avian-par-joint_revolute-matched-t4
validate	validate-r1-avian-par-joint_revolute-matched-t8
validate	validate-r1-avian-par-joint_revolute-matched-t16
validate	validate-r1-jolt-joint_revolute-defaults-t1
validate	validate-r1-jolt-joint_revolute-defaults-t4
validate	validate-r1-jolt-joint_revolute-defaults-t8
validate	validate-r1-jolt-joint_revolute-defaults-t16
validate	validate-r1-jolt-4-joint_revolute-defaults-t1
validate	validate-r1-jolt-4-joint_revolute-defaults-t4
validate	validate-r1-jolt-4-joint_revolute-defaults-t8
validate	validate-r1-jolt-4-joint_revolute-defaults-t16
validate	validate-r1-rapier-par-joint_revolute-defaults-t1
validate	validate-r1-rapier-par-joint_revolute-defaults-t4
validate	validate-r1-rapier-par-joint_revolute-defaults-t8
validate	validate-r1-rapier-par-joint_revolute-defaults-t16
validate	validate-r1-avian-par-joint_revolute-defaults-t1
validate	validate-r1-avian-par-joint_revolute-defaults-t4
validate	validate-r1-avian-par-joint_revolute-defaults-t8
validate	validate-r1-avian-par-joint_revolute-defaults-t16
validate	validate-r1-jolt-many_pyramids-matched-t4-i2
validate	validate-r1-jolt-many_pyramids-matched-t4-i4
validate	validate-r1-jolt-many_pyramids-matched-t4-i8
validate	validate-r1-rapier-par-many_pyramids-matched-t4-i2
validate	validate-r1-rapier-par-many_pyramids-matched-t4-i4
validate	validate-r1-rapier-par-many_pyramids-matched-t4-i8
validate	validate-r1-avian-par-many_pyramids-matched-t4-i2
validate	validate-r1-avian-par-many_pyramids-matched-t4-i4
validate	validate-r1-avian-par-many_pyramids-matched-t4-i8
validate	validate-r1-jolt-joint_revolute-matched-t4-i2
validate	validate-r1-jolt-joint_revolute-matched-t4-i4
validate	validate-r1-jolt-joint_revolute-matched-t4-i8
validate	validate-r1-rapier-par-joint_revolute-matched-t4-i2
validate	validate-r1-rapier-par-joint_revolute-matched-t4-i4
validate	validate-r1-rapier-par-joint_revolute-matched-t4-i8
validate	validate-r1-avian-par-joint_revolute-matched-t4-i2
validate	validate-r1-avian-par-joint_revolute-matched-t4-i4
validate	validate-r1-avian-par-joint_revolute-matched-t4-i8
time	time-r1-jolt-balls-matched-t1
time	time-r1-jolt-balls-matched-t4
time	time-r1-jolt-balls-matched-t8
time	time-r1-jolt-balls-matched-t16
time	time-r1-jolt-4-balls-matched-t1
time	time-r1-jolt-4-balls-matched-t4
time	time-r1-jolt-4-balls-matched-t8
time	time-r1-jolt-4-balls-matched-t16
time	time-r1-rapier-par-balls-matched-t1
time	time-r1-rapier-par-balls-matched-t4
time	time-r1-rapier-par-balls-matched-t8
time	time-r1-rapier-par-balls-matched-t16
time	time-r1-avian-par-balls-matched-t1
time	time-r1-avian-par-balls-matched-t4
time	time-r1-avian-par-balls-matched-t8
time	time-r1-avian-par-balls-matched-t16
time	time-r1-jolt-boxes-matched-t1
time	time-r1-jolt-boxes-matched-t4
time	time-r1-jolt-boxes-matched-t8
time	time-r1-jolt-boxes-matched-t16
time	time-r1-jolt-4-boxes-matched-t1
time	time-r1-jolt-4-boxes-matched-t4
time	time-r1-jolt-4-boxes-matched-t8
time	time-r1-jolt-4-boxes-matched-t16
time	time-r1-rapier-par-boxes-matched-t1
time	time-r1-rapier-par-boxes-matched-t4
time	time-r1-rapier-par-boxes-matched-t8
time	time-r1-rapier-par-boxes-matched-t16
time	time-r1-avian-par-boxes-matched-t1
time	time-r1-avian-par-boxes-matched-t4
time	time-r1-avian-par-boxes-matched-t8
time	time-r1-avian-par-boxes-matched-t16
time	time-r1-jolt-capsules-matched-t1
time	time-r1-jolt-capsules-matched-t4
time	time-r1-jolt-capsules-matched-t8
time	time-r1-jolt-capsules-matched-t16
time	time-r1-jolt-4-capsules-matched-t1
time	time-r1-jolt-4-capsules-matched-t4
time	time-r1-jolt-4-capsules-matched-t8
time	time-r1-jolt-4-capsules-matched-t16
time	time-r1-rapier-par-capsules-matched-t1
time	time-r1-rapier-par-capsules-matched-t4
time	time-r1-rapier-par-capsules-matched-t8
time	time-r1-rapier-par-capsules-matched-t16
time	time-r1-avian-par-capsules-matched-t1
time	time-r1-avian-par-capsules-matched-t4
time	time-r1-avian-par-capsules-matched-t8
time	time-r1-avian-par-capsules-matched-t16
time	time-r1-jolt-pyramid-matched-t1
time	time-r1-jolt-pyramid-matched-t4
time	time-r1-jolt-pyramid-matched-t8
time	time-r1-jolt-pyramid-matched-t16
time	time-r1-jolt-4-pyramid-matched-t1
time	time-r1-jolt-4-pyramid-matched-t4
time	time-r1-jolt-4-pyramid-matched-t8
time	time-r1-jolt-4-pyramid-matched-t16
time	time-r1-rapier-par-pyramid-matched-t1
time	time-r1-rapier-par-pyramid-matched-t4
time	time-r1-rapier-par-pyramid-matched-t8
time	time-r1-rapier-par-pyramid-matched-t16
time	time-r1-avian-par-pyramid-matched-t1
time	time-r1-avian-par-pyramid-matched-t4
time	time-r1-avian-par-pyramid-matched-t8
time	time-r1-avian-par-pyramid-matched-t16
time	time-r1-jolt-many_pyramids-matched-t1
time	time-r1-jolt-many_pyramids-matched-t4
time	time-r1-jolt-many_pyramids-matched-t8
time	time-r1-jolt-many_pyramids-matched-t16
time	time-r1-jolt-4-many_pyramids-matched-t1
time	time-r1-jolt-4-many_pyramids-matched-t4
time	time-r1-jolt-4-many_pyramids-matched-t8
time	time-r1-jolt-4-many_pyramids-matched-t16
time	time-r1-rapier-par-many_pyramids-matched-t1
time	time-r1-rapier-par-many_pyramids-matched-t4
time	time-r1-rapier-par-many_pyramids-matched-t8
time	time-r1-rapier-par-many_pyramids-matched-t16
time	time-r1-avian-par-many_pyramids-matched-t1
time	time-r1-avian-par-many_pyramids-matched-t4
time	time-r1-avian-par-many_pyramids-matched-t8
time	time-r1-avian-par-many_pyramids-matched-t16
time	time-r1-jolt-keva-matched-t1
time	time-r1-jolt-keva-matched-t4
time	time-r1-jolt-keva-matched-t8
time	time-r1-jolt-keva-matched-t16
time	time-r1-jolt-4-keva-matched-t1
time	time-r1-jolt-4-keva-matched-t4
time	time-r1-jolt-4-keva-matched-t8
time	time-r1-jolt-4-keva-matched-t16
time	time-r1-rapier-par-keva-matched-t1
time	time-r1-rapier-par-keva-matched-t4
time	time-r1-rapier-par-keva-matched-t8
time	time-r1-rapier-par-keva-matched-t16
time	time-r1-avian-par-keva-matched-t1
time	time-r1-avian-par-keva-matched-t4
time	time-r1-avian-par-keva-matched-t8
time	time-r1-avian-par-keva-matched-t16
time	time-r1-jolt-joint_ball-matched-t1
time	time-r1-jolt-joint_ball-matched-t4
time	time-r1-jolt-joint_ball-matched-t8
time	time-r1-jolt-joint_ball-matched-t16
time	time-r1-jolt-4-joint_ball-matched-t1
time	time-r1-jolt-4-joint_ball-matched-t4
time	time-r1-jolt-4-joint_ball-matched-t8
time	time-r1-jolt-4-joint_ball-matched-t16
time	time-r1-rapier-par-joint_ball-matched-t1
time	time-r1-rapier-par-joint_ball-matched-t4
time	time-r1-rapier-par-joint_ball-matched-t8
time	time-r1-rapier-par-joint_ball-matched-t16
time	time-r1-avian-par-joint_ball-matched-t1
time	time-r1-avian-par-joint_ball-matched-t4
time	time-r1-avian-par-joint_ball-matched-t8
time	time-r1-avian-par-joint_ball-matched-t16
time	time-r1-jolt-joint_fixed-matched-t1
time	time-r1-jolt-joint_fixed-matched-t4
time	time-r1-jolt-joint_fixed-matched-t8
time	time-r1-jolt-joint_fixed-matched-t16
time	time-r1-jolt-4-joint_fixed-matched-t1
time	time-r1-jolt-4-joint_fixed-matched-t4
time	time-r1-jolt-4-joint_fixed-matched-t8
time	time-r1-jolt-4-joint_fixed-matched-t16
time	time-r1-rapier-par-joint_fixed-matched-t1
time	time-r1-rapier-par-joint_fixed-matched-t4
time	time-r1-rapier-par-joint_fixed-matched-t8
time	time-r1-rapier-par-joint_fixed-matched-t16
time	time-r1-avian-par-joint_fixed-matched-t1
time	time-r1-avian-par-joint_fixed-matched-t4
time	time-r1-avian-par-joint_fixed-matched-t8
time	time-r1-avian-par-joint_fixed-matched-t16
time	time-r1-jolt-joint_prismatic-matched-t1
time	time-r1-jolt-joint_prismatic-matched-t4
time	time-r1-jolt-joint_prismatic-matched-t8
time	time-r1-jolt-joint_prismatic-matched-t16
time	time-r1-jolt-4-joint_prismatic-matched-t1
time	time-r1-jolt-4-joint_prismatic-matched-t4
time	time-r1-jolt-4-joint_prismatic-matched-t8
time	time-r1-jolt-4-joint_prismatic-matched-t16
time	time-r1-rapier-par-joint_prismatic-matched-t1
time	time-r1-rapier-par-joint_prismatic-matched-t4
time	time-r1-rapier-par-joint_prismatic-matched-t8
time	time-r1-rapier-par-joint_prismatic-matched-t16
time	time-r1-avian-par-joint_prismatic-matched-t1
time	time-r1-avian-par-joint_prismatic-matched-t4
time	time-r1-avian-par-joint_prismatic-matched-t8
time	time-r1-avian-par-joint_prismatic-matched-t16
time	time-r1-jolt-joint_revolute-matched-t1
time	time-r1-jolt-joint_revolute-matched-t4
time	time-r1-jolt-joint_revolute-matched-t8
time	time-r1-jolt-joint_revolute-matched-t16
time	time-r1-jolt-4-joint_revolute-matched-t1
time	time-r1-jolt-4-joint_revolute-matched-t4
time	time-r1-jolt-4-joint_revolute-matched-t8
time	time-r1-jolt-4-joint_revolute-matched-t16
time	time-r1-rapier-par-joint_revolute-matched-t1
time	time-r1-rapier-par-joint_revolute-matched-t4
time	time-r1-rapier-par-joint_revolute-matched-t8
time	time-r1-rapier-par-joint_revolute-matched-t16
time	time-r1-avian-par-joint_revolute-matched-t1
time	time-r1-avian-par-joint_revolute-matched-t4
time	time-r1-avian-par-joint_revolute-matched-t8
time	time-r1-avian-par-joint_revolute-matched-t16
time	time-r1-rapier-simd8-balls-matched-t1
time	time-r1-rapier-simd8-balls-matched-t4
time	time-r1-rapier-serial-balls-matched-t1
time	time-r1-avian-serial-balls-matched-t1
time	time-r1-jolt-balls-defaults-t1
time	time-r1-jolt-balls-defaults-t4
time	time-r1-rapier-par-balls-defaults-t1
time	time-r1-rapier-par-balls-defaults-t4
time	time-r1-avian-par-balls-defaults-t1
time	time-r1-avian-par-balls-defaults-t4
time	time-r1-rapier-simd8-boxes-matched-t1
time	time-r1-rapier-simd8-boxes-matched-t4
time	time-r1-rapier-serial-boxes-matched-t1
time	time-r1-avian-serial-boxes-matched-t1
time	time-r1-jolt-boxes-defaults-t1
time	time-r1-jolt-boxes-defaults-t4
time	time-r1-rapier-par-boxes-defaults-t1
time	time-r1-rapier-par-boxes-defaults-t4
time	time-r1-avian-par-boxes-defaults-t1
time	time-r1-avian-par-boxes-defaults-t4
time	time-r1-rapier-simd8-capsules-matched-t1
time	time-r1-rapier-simd8-capsules-matched-t4
time	time-r1-rapier-serial-capsules-matched-t1
time	time-r1-avian-serial-capsules-matched-t1
time	time-r1-jolt-capsules-defaults-t1
time	time-r1-jolt-capsules-defaults-t4
time	time-r1-rapier-par-capsules-defaults-t1
time	time-r1-rapier-par-capsules-defaults-t4
time	time-r1-avian-par-capsules-defaults-t1
time	time-r1-avian-par-capsules-defaults-t4
time	time-r1-rapier-simd8-pyramid-matched-t1
time	time-r1-rapier-simd8-pyramid-matched-t4
time	time-r1-rapier-serial-pyramid-matched-t1
time	time-r1-avian-serial-pyramid-matched-t1
time	time-r1-jolt-pyramid-defaults-t1
time	time-r1-jolt-pyramid-defaults-t4
time	time-r1-rapier-par-pyramid-defaults-t1
time	time-r1-rapier-par-pyramid-defaults-t4
time	time-r1-avian-par-pyramid-defaults-t1
time	time-r1-avian-par-pyramid-defaults-t4
time	time-r1-rapier-simd8-many_pyramids-matched-t1
time	time-r1-rapier-simd8-many_pyramids-matched-t4
time	time-r1-rapier-serial-many_pyramids-matched-t1
time	time-r1-avian-serial-many_pyramids-matched-t1
time	time-r1-jolt-many_pyramids-defaults-t1
time	time-r1-jolt-many_pyramids-defaults-t4
time	time-r1-rapier-par-many_pyramids-defaults-t1
time	time-r1-rapier-par-many_pyramids-defaults-t4
time	time-r1-avian-par-many_pyramids-defaults-t1
time	time-r1-avian-par-many_pyramids-defaults-t4
time	time-r1-rapier-simd8-keva-matched-t1
time	time-r1-rapier-simd8-keva-matched-t4
time	time-r1-rapier-serial-keva-matched-t1
time	time-r1-avian-serial-keva-matched-t1
time	time-r1-jolt-keva-defaults-t1
time	time-r1-jolt-keva-defaults-t4
time	time-r1-rapier-par-keva-defaults-t1
time	time-r1-rapier-par-keva-defaults-t4
time	time-r1-avian-par-keva-defaults-t1
time	time-r1-avian-par-keva-defaults-t4
time	time-r1-rapier-simd8-joint_ball-matched-t1
time	time-r1-rapier-simd8-joint_ball-matched-t4
time	time-r1-rapier-serial-joint_ball-matched-t1
time	time-r1-avian-serial-joint_ball-matched-t1
time	time-r1-jolt-joint_ball-defaults-t1
time	time-r1-jolt-joint_ball-defaults-t4
time	time-r1-rapier-par-joint_ball-defaults-t1
time	time-r1-rapier-par-joint_ball-defaults-t4
time	time-r1-avian-par-joint_ball-defaults-t1
time	time-r1-avian-par-joint_ball-defaults-t4
time	time-r1-rapier-simd8-joint_fixed-matched-t1
time	time-r1-rapier-simd8-joint_fixed-matched-t4
time	time-r1-rapier-serial-joint_fixed-matched-t1
time	time-r1-avian-serial-joint_fixed-matched-t1
time	time-r1-jolt-joint_fixed-defaults-t1
time	time-r1-jolt-joint_fixed-defaults-t4
time	time-r1-rapier-par-joint_fixed-defaults-t1
time	time-r1-rapier-par-joint_fixed-defaults-t4
time	time-r1-avian-par-joint_fixed-defaults-t1
time	time-r1-avian-par-joint_fixed-defaults-t4
time	time-r1-rapier-simd8-joint_prismatic-matched-t1
time	time-r1-rapier-simd8-joint_prismatic-matched-t4
time	time-r1-rapier-serial-joint_prismatic-matched-t1
time	time-r1-avian-serial-joint_prismatic-matched-t1
time	time-r1-jolt-joint_prismatic-defaults-t1
time	time-r1-jolt-joint_prismatic-defaults-t4
time	time-r1-rapier-par-joint_prismatic-defaults-t1
time	time-r1-rapier-par-joint_prismatic-defaults-t4
time	time-r1-avian-par-joint_prismatic-defaults-t1
time	time-r1-avian-par-joint_prismatic-defaults-t4
time	time-r1-rapier-simd8-joint_revolute-matched-t1
time	time-r1-rapier-simd8-joint_revolute-matched-t4
time	time-r1-rapier-serial-joint_revolute-matched-t1
time	time-r1-avian-serial-joint_revolute-matched-t1
time	time-r1-jolt-joint_revolute-defaults-t1
time	time-r1-jolt-joint_revolute-defaults-t4
time	time-r1-rapier-par-joint_revolute-defaults-t1
time	time-r1-rapier-par-joint_revolute-defaults-t4
time	time-r1-avian-par-joint_revolute-defaults-t1
time	time-r1-avian-par-joint_revolute-defaults-t4
split	split-r1-avian-par-balls-matched-t1
split	split-r1-avian-par-balls-matched-t4
split	split-r1-avian-par-boxes-matched-t1
split	split-r1-avian-par-boxes-matched-t4
split	split-r1-avian-par-capsules-matched-t1
split	split-r1-avian-par-capsules-matched-t4
split	split-r1-avian-par-pyramid-matched-t1
split	split-r1-avian-par-pyramid-matched-t4
split	split-r1-avian-par-many_pyramids-matched-t1
split	split-r1-avian-par-many_pyramids-matched-t4
split	split-r1-avian-par-keva-matched-t1
split	split-r1-avian-par-keva-matched-t4
split	split-r1-avian-par-joint_ball-matched-t1
split	split-r1-avian-par-joint_ball-matched-t4
split	split-r1-avian-par-joint_fixed-matched-t1
split	split-r1-avian-par-joint_fixed-matched-t4
split	split-r1-avian-par-joint_prismatic-matched-t1
split	split-r1-avian-par-joint_prismatic-matched-t4
split	split-r1-avian-par-joint_revolute-matched-t1
split	split-r1-avian-par-joint_revolute-matched-t4
sweep	sweep-r1-jolt-many_pyramids-matched-t4-i2
sweep	sweep-r1-rapier-par-many_pyramids-matched-t4-i2
sweep	sweep-r1-avian-par-many_pyramids-matched-t4-i2
sweep	sweep-r1-jolt-many_pyramids-matched-t4-i4
sweep	sweep-r1-rapier-par-many_pyramids-matched-t4-i4
sweep	sweep-r1-avian-par-many_pyramids-matched-t4-i4
sweep	sweep-r1-jolt-many_pyramids-matched-t4-i8
sweep	sweep-r1-rapier-par-many_pyramids-matched-t4-i8
sweep	sweep-r1-avian-par-many_pyramids-matched-t4-i8
sweep	sweep-r1-jolt-joint_revolute-matched-t4-i2
sweep	sweep-r1-rapier-par-joint_revolute-matched-t4-i2
sweep	sweep-r1-avian-par-joint_revolute-matched-t4-i2
sweep	sweep-r1-jolt-joint_revolute-matched-t4-i4
sweep	sweep-r1-rapier-par-joint_revolute-matched-t4-i4
sweep	sweep-r1-avian-par-joint_revolute-matched-t4-i4
sweep	sweep-r1-jolt-joint_revolute-matched-t4-i8
sweep	sweep-r1-rapier-par-joint_revolute-matched-t4-i8
sweep	sweep-r1-avian-par-joint_revolute-matched-t4-i8
time	time-r2-jolt-4-balls-matched-t1
time	time-r2-jolt-4-balls-matched-t4
time	time-r2-jolt-4-balls-matched-t8
time	time-r2-jolt-4-balls-matched-t16
time	time-r2-rapier-par-balls-matched-t1
time	time-r2-rapier-par-balls-matched-t4
time	time-r2-rapier-par-balls-matched-t8
time	time-r2-rapier-par-balls-matched-t16
time	time-r2-avian-par-balls-matched-t1
time	time-r2-avian-par-balls-matched-t4
time	time-r2-avian-par-balls-matched-t8
time	time-r2-avian-par-balls-matched-t16
time	time-r2-jolt-balls-matched-t1
time	time-r2-jolt-balls-matched-t4
time	time-r2-jolt-balls-matched-t8
time	time-r2-jolt-balls-matched-t16
time	time-r2-jolt-4-boxes-matched-t1
time	time-r2-jolt-4-boxes-matched-t4
time	time-r2-jolt-4-boxes-matched-t8
time	time-r2-jolt-4-boxes-matched-t16
time	time-r2-rapier-par-boxes-matched-t1
time	time-r2-rapier-par-boxes-matched-t4
time	time-r2-rapier-par-boxes-matched-t8
time	time-r2-rapier-par-boxes-matched-t16
time	time-r2-avian-par-boxes-matched-t1
time	time-r2-avian-par-boxes-matched-t4
time	time-r2-avian-par-boxes-matched-t8
time	time-r2-avian-par-boxes-matched-t16
time	time-r2-jolt-boxes-matched-t1
time	time-r2-jolt-boxes-matched-t4
time	time-r2-jolt-boxes-matched-t8
time	time-r2-jolt-boxes-matched-t16
time	time-r2-jolt-4-capsules-matched-t1
time	time-r2-jolt-4-capsules-matched-t4
time	time-r2-jolt-4-capsules-matched-t8
time	time-r2-jolt-4-capsules-matched-t16
time	time-r2-rapier-par-capsules-matched-t1
time	time-r2-rapier-par-capsules-matched-t4
time	time-r2-rapier-par-capsules-matched-t8
time	time-r2-rapier-par-capsules-matched-t16
time	time-r2-avian-par-capsules-matched-t1
time	time-r2-avian-par-capsules-matched-t4
time	time-r2-avian-par-capsules-matched-t8
time	time-r2-avian-par-capsules-matched-t16
time	time-r2-jolt-capsules-matched-t1
time	time-r2-jolt-capsules-matched-t4
time	time-r2-jolt-capsules-matched-t8
time	time-r2-jolt-capsules-matched-t16
time	time-r2-jolt-4-pyramid-matched-t1
time	time-r2-jolt-4-pyramid-matched-t4
time	time-r2-jolt-4-pyramid-matched-t8
time	time-r2-jolt-4-pyramid-matched-t16
time	time-r2-rapier-par-pyramid-matched-t1
time	time-r2-rapier-par-pyramid-matched-t4
time	time-r2-rapier-par-pyramid-matched-t8
time	time-r2-rapier-par-pyramid-matched-t16
time	time-r2-avian-par-pyramid-matched-t1
time	time-r2-avian-par-pyramid-matched-t4
time	time-r2-avian-par-pyramid-matched-t8
time	time-r2-avian-par-pyramid-matched-t16
time	time-r2-jolt-pyramid-matched-t1
time	time-r2-jolt-pyramid-matched-t4
time	time-r2-jolt-pyramid-matched-t8
time	time-r2-jolt-pyramid-matched-t16
time	time-r2-jolt-4-many_pyramids-matched-t1
time	time-r2-jolt-4-many_pyramids-matched-t4
time	time-r2-jolt-4-many_pyramids-matched-t8
time	time-r2-jolt-4-many_pyramids-matched-t16
time	time-r2-rapier-par-many_pyramids-matched-t1
time	time-r2-rapier-par-many_pyramids-matched-t4
time	time-r2-rapier-par-many_pyramids-matched-t8
time	time-r2-rapier-par-many_pyramids-matched-t16
time	time-r2-avian-par-many_pyramids-matched-t1
time	time-r2-avian-par-many_pyramids-matched-t4
time	time-r2-avian-par-many_pyramids-matched-t8
time	time-r2-avian-par-many_pyramids-matched-t16
time	time-r2-jolt-many_pyramids-matched-t1
time	time-r2-jolt-many_pyramids-matched-t4
time	time-r2-jolt-many_pyramids-matched-t8
time	time-r2-jolt-many_pyramids-matched-t16
time	time-r2-jolt-4-keva-matched-t1
time	time-r2-jolt-4-keva-matched-t4
time	time-r2-jolt-4-keva-matched-t8
time	time-r2-jolt-4-keva-matched-t16
time	time-r2-rapier-par-keva-matched-t1
time	time-r2-rapier-par-keva-matched-t4
time	time-r2-rapier-par-keva-matched-t8
time	time-r2-rapier-par-keva-matched-t16
time	time-r2-avian-par-keva-matched-t1
time	time-r2-avian-par-keva-matched-t4
time	time-r2-avian-par-keva-matched-t8
time	time-r2-avian-par-keva-matched-t16
time	time-r2-jolt-keva-matched-t1
time	time-r2-jolt-keva-matched-t4
time	time-r2-jolt-keva-matched-t8
time	time-r2-jolt-keva-matched-t16
time	time-r2-jolt-4-joint_ball-matched-t1
time	time-r2-jolt-4-joint_ball-matched-t4
time	time-r2-jolt-4-joint_ball-matched-t8
time	time-r2-jolt-4-joint_ball-matched-t16
time	time-r2-rapier-par-joint_ball-matched-t1
time	time-r2-rapier-par-joint_ball-matched-t4
time	time-r2-rapier-par-joint_ball-matched-t8
time	time-r2-rapier-par-joint_ball-matched-t16
time	time-r2-avian-par-joint_ball-matched-t1
time	time-r2-avian-par-joint_ball-matched-t4
time	time-r2-avian-par-joint_ball-matched-t8
time	time-r2-avian-par-joint_ball-matched-t16
time	time-r2-jolt-joint_ball-matched-t1
time	time-r2-jolt-joint_ball-matched-t4
time	time-r2-jolt-joint_ball-matched-t8
time	time-r2-jolt-joint_ball-matched-t16
time	time-r2-jolt-4-joint_fixed-matched-t1
time	time-r2-jolt-4-joint_fixed-matched-t4
time	time-r2-jolt-4-joint_fixed-matched-t8
time	time-r2-jolt-4-joint_fixed-matched-t16
time	time-r2-rapier-par-joint_fixed-matched-t1
time	time-r2-rapier-par-joint_fixed-matched-t4
time	time-r2-rapier-par-joint_fixed-matched-t8
time	time-r2-rapier-par-joint_fixed-matched-t16
time	time-r2-avian-par-joint_fixed-matched-t1
time	time-r2-avian-par-joint_fixed-matched-t4
time	time-r2-avian-par-joint_fixed-matched-t8
time	time-r2-avian-par-joint_fixed-matched-t16
time	time-r2-jolt-joint_fixed-matched-t1
time	time-r2-jolt-joint_fixed-matched-t4
time	time-r2-jolt-joint_fixed-matched-t8
time	time-r2-jolt-joint_fixed-matched-t16
time	time-r2-jolt-4-joint_prismatic-matched-t1
time	time-r2-jolt-4-joint_prismatic-matched-t4
time	time-r2-jolt-4-joint_prismatic-matched-t8
time	time-r2-jolt-4-joint_prismatic-matched-t16
time	time-r2-rapier-par-joint_prismatic-matched-t1
time	time-r2-rapier-par-joint_prismatic-matched-t4
time	time-r2-rapier-par-joint_prismatic-matched-t8
time	time-r2-rapier-par-joint_prismatic-matched-t16
time	time-r2-avian-par-joint_prismatic-matched-t1
time	time-r2-avian-par-joint_prismatic-matched-t4
time	time-r2-avian-par-joint_prismatic-matched-t8
time	time-r2-avian-par-joint_prismatic-matched-t16
time	time-r2-jolt-joint_prismatic-matched-t1
time	time-r2-jolt-joint_prismatic-matched-t4
time	time-r2-jolt-joint_prismatic-matched-t8
time	time-r2-jolt-joint_prismatic-matched-t16
time	time-r2-jolt-4-joint_revolute-matched-t1
time	time-r2-jolt-4-joint_revolute-matched-t4
time	time-r2-jolt-4-joint_revolute-matched-t8
time	time-r2-jolt-4-joint_revolute-matched-t16
time	time-r2-rapier-par-joint_revolute-matched-t1
time	time-r2-rapier-par-joint_revolute-matched-t4
time	time-r2-rapier-par-joint_revolute-matched-t8
time	time-r2-rapier-par-joint_revolute-matched-t16
time	time-r2-avian-par-joint_revolute-matched-t1
time	time-r2-avian-par-joint_revolute-matched-t4
time	time-r2-avian-par-joint_revolute-matched-t8
time	time-r2-avian-par-joint_revolute-matched-t16
time	time-r2-jolt-joint_revolute-matched-t1
time	time-r2-jolt-joint_revolute-matched-t4
time	time-r2-jolt-joint_revolute-matched-t8
time	time-r2-jolt-joint_revolute-matched-t16
time	time-r2-rapier-simd8-balls-matched-t1
time	time-r2-rapier-simd8-balls-matched-t4
time	time-r2-avian-serial-balls-matched-t1
time	time-r2-rapier-serial-balls-matched-t1
time	time-r2-rapier-par-balls-defaults-t1
time	time-r2-rapier-par-balls-defaults-t4
time	time-r2-avian-par-balls-defaults-t1
time	time-r2-avian-par-balls-defaults-t4
time	time-r2-jolt-balls-defaults-t1
time	time-r2-jolt-balls-defaults-t4
time	time-r2-rapier-simd8-boxes-matched-t1
time	time-r2-rapier-simd8-boxes-matched-t4
time	time-r2-avian-serial-boxes-matched-t1
time	time-r2-rapier-serial-boxes-matched-t1
time	time-r2-rapier-par-boxes-defaults-t1
time	time-r2-rapier-par-boxes-defaults-t4
time	time-r2-avian-par-boxes-defaults-t1
time	time-r2-avian-par-boxes-defaults-t4
time	time-r2-jolt-boxes-defaults-t1
time	time-r2-jolt-boxes-defaults-t4
time	time-r2-rapier-simd8-capsules-matched-t1
time	time-r2-rapier-simd8-capsules-matched-t4
time	time-r2-avian-serial-capsules-matched-t1
time	time-r2-rapier-serial-capsules-matched-t1
time	time-r2-rapier-par-capsules-defaults-t1
time	time-r2-rapier-par-capsules-defaults-t4
time	time-r2-avian-par-capsules-defaults-t1
time	time-r2-avian-par-capsules-defaults-t4
time	time-r2-jolt-capsules-defaults-t1
time	time-r2-jolt-capsules-defaults-t4
time	time-r2-rapier-simd8-pyramid-matched-t1
time	time-r2-rapier-simd8-pyramid-matched-t4
time	time-r2-avian-serial-pyramid-matched-t1
time	time-r2-rapier-serial-pyramid-matched-t1
time	time-r2-rapier-par-pyramid-defaults-t1
time	time-r2-rapier-par-pyramid-defaults-t4
time	time-r2-avian-par-pyramid-defaults-t1
time	time-r2-avian-par-pyramid-defaults-t4
time	time-r2-jolt-pyramid-defaults-t1
time	time-r2-jolt-pyramid-defaults-t4
time	time-r2-rapier-simd8-many_pyramids-matched-t1
time	time-r2-rapier-simd8-many_pyramids-matched-t4
time	time-r2-avian-serial-many_pyramids-matched-t1
time	time-r2-rapier-serial-many_pyramids-matched-t1
time	time-r2-rapier-par-many_pyramids-defaults-t1
time	time-r2-rapier-par-many_pyramids-defaults-t4
time	time-r2-avian-par-many_pyramids-defaults-t1
time	time-r2-avian-par-many_pyramids-defaults-t4
time	time-r2-jolt-many_pyramids-defaults-t1
time	time-r2-jolt-many_pyramids-defaults-t4
time	time-r2-rapier-simd8-keva-matched-t1
time	time-r2-rapier-simd8-keva-matched-t4
time	time-r2-avian-serial-keva-matched-t1
time	time-r2-rapier-serial-keva-matched-t1
time	time-r2-rapier-par-keva-defaults-t1
time	time-r2-rapier-par-keva-defaults-t4
time	time-r2-avian-par-keva-defaults-t1
time	time-r2-avian-par-keva-defaults-t4
time	time-r2-jolt-keva-defaults-t1
time	time-r2-jolt-keva-defaults-t4
time	time-r2-rapier-simd8-joint_ball-matched-t1
time	time-r2-rapier-simd8-joint_ball-matched-t4
time	time-r2-avian-serial-joint_ball-matched-t1
time	time-r2-rapier-serial-joint_ball-matched-t1
time	time-r2-rapier-par-joint_ball-defaults-t1
time	time-r2-rapier-par-joint_ball-defaults-t4
time	time-r2-avian-par-joint_ball-defaults-t1
time	time-r2-avian-par-joint_ball-defaults-t4
time	time-r2-jolt-joint_ball-defaults-t1
time	time-r2-jolt-joint_ball-defaults-t4
time	time-r2-rapier-simd8-joint_fixed-matched-t1
time	time-r2-rapier-simd8-joint_fixed-matched-t4
time	time-r2-avian-serial-joint_fixed-matched-t1
time	time-r2-rapier-serial-joint_fixed-matched-t1
time	time-r2-rapier-par-joint_fixed-defaults-t1
time	time-r2-rapier-par-joint_fixed-defaults-t4
time	time-r2-avian-par-joint_fixed-defaults-t1
time	time-r2-avian-par-joint_fixed-defaults-t4
time	time-r2-jolt-joint_fixed-defaults-t1
time	time-r2-jolt-joint_fixed-defaults-t4
time	time-r2-rapier-simd8-joint_prismatic-matched-t1
time	time-r2-rapier-simd8-joint_prismatic-matched-t4
time	time-r2-avian-serial-joint_prismatic-matched-t1
time	time-r2-rapier-serial-joint_prismatic-matched-t1
time	time-r2-rapier-par-joint_prismatic-defaults-t1
time	time-r2-rapier-par-joint_prismatic-defaults-t4
time	time-r2-avian-par-joint_prismatic-defaults-t1
time	time-r2-avian-par-joint_prismatic-defaults-t4
time	time-r2-jolt-joint_prismatic-defaults-t1
time	time-r2-jolt-joint_prismatic-defaults-t4
time	time-r2-rapier-simd8-joint_revolute-matched-t1
time	time-r2-rapier-simd8-joint_revolute-matched-t4
time	time-r2-avian-serial-joint_revolute-matched-t1
time	time-r2-rapier-serial-joint_revolute-matched-t1
time	time-r2-rapier-par-joint_revolute-defaults-t1
time	time-r2-rapier-par-joint_revolute-defaults-t4
time	time-r2-avian-par-joint_revolute-defaults-t1
time	time-r2-avian-par-joint_revolute-defaults-t4
time	time-r2-jolt-joint_revolute-defaults-t1
time	time-r2-jolt-joint_revolute-defaults-t4
split	split-r2-avian-par-balls-matched-t1
split	split-r2-avian-par-balls-matched-t4
split	split-r2-avian-par-boxes-matched-t1
split	split-r2-avian-par-boxes-matched-t4
split	split-r2-avian-par-capsules-matched-t1
split	split-r2-avian-par-capsules-matched-t4
split	split-r2-avian-par-pyramid-matched-t1
split	split-r2-avian-par-pyramid-matched-t4
split	split-r2-avian-par-many_pyramids-matched-t1
split	split-r2-avian-par-many_pyramids-matched-t4
split	split-r2-avian-par-keva-matched-t1
split	split-r2-avian-par-keva-matched-t4
split	split-r2-avian-par-joint_ball-matched-t1
split	split-r2-avian-par-joint_ball-matched-t4
split	split-r2-avian-par-joint_fixed-matched-t1
split	split-r2-avian-par-joint_fixed-matched-t4
split	split-r2-avian-par-joint_prismatic-matched-t1
split	split-r2-avian-par-joint_prismatic-matched-t4
split	split-r2-avian-par-joint_revolute-matched-t1
split	split-r2-avian-par-joint_revolute-matched-t4
sweep	sweep-r2-rapier-par-many_pyramids-matched-t4-i2
sweep	sweep-r2-avian-par-many_pyramids-matched-t4-i2
sweep	sweep-r2-jolt-many_pyramids-matched-t4-i2
sweep	sweep-r2-rapier-par-many_pyramids-matched-t4-i4
sweep	sweep-r2-avian-par-many_pyramids-matched-t4-i4
sweep	sweep-r2-jolt-many_pyramids-matched-t4-i4
sweep	sweep-r2-rapier-par-many_pyramids-matched-t4-i8
sweep	sweep-r2-avian-par-many_pyramids-matched-t4-i8
sweep	sweep-r2-jolt-many_pyramids-matched-t4-i8
sweep	sweep-r2-rapier-par-joint_revolute-matched-t4-i2
sweep	sweep-r2-avian-par-joint_revolute-matched-t4-i2
sweep	sweep-r2-jolt-joint_revolute-matched-t4-i2
sweep	sweep-r2-rapier-par-joint_revolute-matched-t4-i4
sweep	sweep-r2-avian-par-joint_revolute-matched-t4-i4
sweep	sweep-r2-jolt-joint_revolute-matched-t4-i4
sweep	sweep-r2-rapier-par-joint_revolute-matched-t4-i8
sweep	sweep-r2-avian-par-joint_revolute-matched-t4-i8
sweep	sweep-r2-jolt-joint_revolute-matched-t4-i8
time	time-r3-rapier-par-balls-matched-t1
time	time-r3-rapier-par-balls-matched-t4
time	time-r3-rapier-par-balls-matched-t8
time	time-r3-rapier-par-balls-matched-t16
time	time-r3-avian-par-balls-matched-t1
time	time-r3-avian-par-balls-matched-t4
time	time-r3-avian-par-balls-matched-t8
time	time-r3-avian-par-balls-matched-t16
time	time-r3-jolt-balls-matched-t1
time	time-r3-jolt-balls-matched-t4
time	time-r3-jolt-balls-matched-t8
time	time-r3-jolt-balls-matched-t16
time	time-r3-jolt-4-balls-matched-t1
time	time-r3-jolt-4-balls-matched-t4
time	time-r3-jolt-4-balls-matched-t8
time	time-r3-jolt-4-balls-matched-t16
time	time-r3-rapier-par-boxes-matched-t1
time	time-r3-rapier-par-boxes-matched-t4
time	time-r3-rapier-par-boxes-matched-t8
time	time-r3-rapier-par-boxes-matched-t16
time	time-r3-avian-par-boxes-matched-t1
time	time-r3-avian-par-boxes-matched-t4
time	time-r3-avian-par-boxes-matched-t8
time	time-r3-avian-par-boxes-matched-t16
time	time-r3-jolt-boxes-matched-t1
time	time-r3-jolt-boxes-matched-t4
time	time-r3-jolt-boxes-matched-t8
time	time-r3-jolt-boxes-matched-t16
time	time-r3-jolt-4-boxes-matched-t1
time	time-r3-jolt-4-boxes-matched-t4
time	time-r3-jolt-4-boxes-matched-t8
time	time-r3-jolt-4-boxes-matched-t16
time	time-r3-rapier-par-capsules-matched-t1
time	time-r3-rapier-par-capsules-matched-t4
time	time-r3-rapier-par-capsules-matched-t8
time	time-r3-rapier-par-capsules-matched-t16
time	time-r3-avian-par-capsules-matched-t1
time	time-r3-avian-par-capsules-matched-t4
time	time-r3-avian-par-capsules-matched-t8
time	time-r3-avian-par-capsules-matched-t16
time	time-r3-jolt-capsules-matched-t1
time	time-r3-jolt-capsules-matched-t4
time	time-r3-jolt-capsules-matched-t8
time	time-r3-jolt-capsules-matched-t16
time	time-r3-jolt-4-capsules-matched-t1
time	time-r3-jolt-4-capsules-matched-t4
time	time-r3-jolt-4-capsules-matched-t8
time	time-r3-jolt-4-capsules-matched-t16
time	time-r3-rapier-par-pyramid-matched-t1
time	time-r3-rapier-par-pyramid-matched-t4
time	time-r3-rapier-par-pyramid-matched-t8
time	time-r3-rapier-par-pyramid-matched-t16
time	time-r3-avian-par-pyramid-matched-t1
time	time-r3-avian-par-pyramid-matched-t4
time	time-r3-avian-par-pyramid-matched-t8
time	time-r3-avian-par-pyramid-matched-t16
time	time-r3-jolt-pyramid-matched-t1
time	time-r3-jolt-pyramid-matched-t4
time	time-r3-jolt-pyramid-matched-t8
time	time-r3-jolt-pyramid-matched-t16
time	time-r3-jolt-4-pyramid-matched-t1
time	time-r3-jolt-4-pyramid-matched-t4
time	time-r3-jolt-4-pyramid-matched-t8
time	time-r3-jolt-4-pyramid-matched-t16
time	time-r3-rapier-par-many_pyramids-matched-t1
time	time-r3-rapier-par-many_pyramids-matched-t4
time	time-r3-rapier-par-many_pyramids-matched-t8
time	time-r3-rapier-par-many_pyramids-matched-t16
time	time-r3-avian-par-many_pyramids-matched-t1
time	time-r3-avian-par-many_pyramids-matched-t4
time	time-r3-avian-par-many_pyramids-matched-t8
time	time-r3-avian-par-many_pyramids-matched-t16
time	time-r3-jolt-many_pyramids-matched-t1
time	time-r3-jolt-many_pyramids-matched-t4
time	time-r3-jolt-many_pyramids-matched-t8
time	time-r3-jolt-many_pyramids-matched-t16
time	time-r3-jolt-4-many_pyramids-matched-t1
time	time-r3-jolt-4-many_pyramids-matched-t4
time	time-r3-jolt-4-many_pyramids-matched-t8
time	time-r3-jolt-4-many_pyramids-matched-t16
time	time-r3-rapier-par-keva-matched-t1
time	time-r3-rapier-par-keva-matched-t4
time	time-r3-rapier-par-keva-matched-t8
time	time-r3-rapier-par-keva-matched-t16
time	time-r3-avian-par-keva-matched-t1
time	time-r3-avian-par-keva-matched-t4
time	time-r3-avian-par-keva-matched-t8
time	time-r3-avian-par-keva-matched-t16
time	time-r3-jolt-keva-matched-t1
time	time-r3-jolt-keva-matched-t4
time	time-r3-jolt-keva-matched-t8
time	time-r3-jolt-keva-matched-t16
time	time-r3-jolt-4-keva-matched-t1
time	time-r3-jolt-4-keva-matched-t4
time	time-r3-jolt-4-keva-matched-t8
time	time-r3-jolt-4-keva-matched-t16
time	time-r3-rapier-par-joint_ball-matched-t1
time	time-r3-rapier-par-joint_ball-matched-t4
time	time-r3-rapier-par-joint_ball-matched-t8
time	time-r3-rapier-par-joint_ball-matched-t16
time	time-r3-avian-par-joint_ball-matched-t1
time	time-r3-avian-par-joint_ball-matched-t4
time	time-r3-avian-par-joint_ball-matched-t8
time	time-r3-avian-par-joint_ball-matched-t16
time	time-r3-jolt-joint_ball-matched-t1
time	time-r3-jolt-joint_ball-matched-t4
time	time-r3-jolt-joint_ball-matched-t8
time	time-r3-jolt-joint_ball-matched-t16
time	time-r3-jolt-4-joint_ball-matched-t1
time	time-r3-jolt-4-joint_ball-matched-t4
time	time-r3-jolt-4-joint_ball-matched-t8
time	time-r3-jolt-4-joint_ball-matched-t16
time	time-r3-rapier-par-joint_fixed-matched-t1
time	time-r3-rapier-par-joint_fixed-matched-t4
time	time-r3-rapier-par-joint_fixed-matched-t8
time	time-r3-rapier-par-joint_fixed-matched-t16
time	time-r3-avian-par-joint_fixed-matched-t1
time	time-r3-avian-par-joint_fixed-matched-t4
time	time-r3-avian-par-joint_fixed-matched-t8
time	time-r3-avian-par-joint_fixed-matched-t16
time	time-r3-jolt-joint_fixed-matched-t1
time	time-r3-jolt-joint_fixed-matched-t4
time	time-r3-jolt-joint_fixed-matched-t8
time	time-r3-jolt-joint_fixed-matched-t16
time	time-r3-jolt-4-joint_fixed-matched-t1
time	time-r3-jolt-4-joint_fixed-matched-t4
time	time-r3-jolt-4-joint_fixed-matched-t8
time	time-r3-jolt-4-joint_fixed-matched-t16
time	time-r3-rapier-par-joint_prismatic-matched-t1
time	time-r3-rapier-par-joint_prismatic-matched-t4
time	time-r3-rapier-par-joint_prismatic-matched-t8
time	time-r3-rapier-par-joint_prismatic-matched-t16
time	time-r3-avian-par-joint_prismatic-matched-t1
time	time-r3-avian-par-joint_prismatic-matched-t4
time	time-r3-avian-par-joint_prismatic-matched-t8
time	time-r3-avian-par-joint_prismatic-matched-t16
time	time-r3-jolt-joint_prismatic-matched-t1
time	time-r3-jolt-joint_prismatic-matched-t4
time	time-r3-jolt-joint_prismatic-matched-t8
time	time-r3-jolt-joint_prismatic-matched-t16
time	time-r3-jolt-4-joint_prismatic-matched-t1
time	time-r3-jolt-4-joint_prismatic-matched-t4
time	time-r3-jolt-4-joint_prismatic-matched-t8
time	time-r3-jolt-4-joint_prismatic-matched-t16
time	time-r3-rapier-par-joint_revolute-matched-t1
time	time-r3-rapier-par-joint_revolute-matched-t4
time	time-r3-rapier-par-joint_revolute-matched-t8
time	time-r3-rapier-par-joint_revolute-matched-t16
time	time-r3-avian-par-joint_revolute-matched-t1
time	time-r3-avian-par-joint_revolute-matched-t4
time	time-r3-avian-par-joint_revolute-matched-t8
time	time-r3-avian-par-joint_revolute-matched-t16
time	time-r3-jolt-joint_revolute-matched-t1
time	time-r3-jolt-joint_revolute-matched-t4
time	time-r3-jolt-joint_revolute-matched-t8
time	time-r3-jolt-joint_revolute-matched-t16
time	time-r3-jolt-4-joint_revolute-matched-t1
time	time-r3-jolt-4-joint_revolute-matched-t4
time	time-r3-jolt-4-joint_revolute-matched-t8
time	time-r3-jolt-4-joint_revolute-matched-t16
time	time-r3-rapier-simd8-balls-matched-t1
time	time-r3-rapier-simd8-balls-matched-t4
time	time-r3-rapier-serial-balls-matched-t1
time	time-r3-avian-serial-balls-matched-t1
time	time-r3-avian-par-balls-defaults-t1
time	time-r3-avian-par-balls-defaults-t4
time	time-r3-jolt-balls-defaults-t1
time	time-r3-jolt-balls-defaults-t4
time	time-r3-rapier-par-balls-defaults-t1
time	time-r3-rapier-par-balls-defaults-t4
time	time-r3-rapier-simd8-boxes-matched-t1
time	time-r3-rapier-simd8-boxes-matched-t4
time	time-r3-rapier-serial-boxes-matched-t1
time	time-r3-avian-serial-boxes-matched-t1
time	time-r3-avian-par-boxes-defaults-t1
time	time-r3-avian-par-boxes-defaults-t4
time	time-r3-jolt-boxes-defaults-t1
time	time-r3-jolt-boxes-defaults-t4
time	time-r3-rapier-par-boxes-defaults-t1
time	time-r3-rapier-par-boxes-defaults-t4
time	time-r3-rapier-simd8-capsules-matched-t1
time	time-r3-rapier-simd8-capsules-matched-t4
time	time-r3-rapier-serial-capsules-matched-t1
time	time-r3-avian-serial-capsules-matched-t1
time	time-r3-avian-par-capsules-defaults-t1
time	time-r3-avian-par-capsules-defaults-t4
time	time-r3-jolt-capsules-defaults-t1
time	time-r3-jolt-capsules-defaults-t4
time	time-r3-rapier-par-capsules-defaults-t1
time	time-r3-rapier-par-capsules-defaults-t4
time	time-r3-rapier-simd8-pyramid-matched-t1
time	time-r3-rapier-simd8-pyramid-matched-t4
time	time-r3-rapier-serial-pyramid-matched-t1
time	time-r3-avian-serial-pyramid-matched-t1
time	time-r3-avian-par-pyramid-defaults-t1
time	time-r3-avian-par-pyramid-defaults-t4
time	time-r3-jolt-pyramid-defaults-t1
time	time-r3-jolt-pyramid-defaults-t4
time	time-r3-rapier-par-pyramid-defaults-t1
time	time-r3-rapier-par-pyramid-defaults-t4
time	time-r3-rapier-simd8-many_pyramids-matched-t1
time	time-r3-rapier-simd8-many_pyramids-matched-t4
time	time-r3-rapier-serial-many_pyramids-matched-t1
time	time-r3-avian-serial-many_pyramids-matched-t1
time	time-r3-avian-par-many_pyramids-defaults-t1
time	time-r3-avian-par-many_pyramids-defaults-t4
time	time-r3-jolt-many_pyramids-defaults-t1
time	time-r3-jolt-many_pyramids-defaults-t4
time	time-r3-rapier-par-many_pyramids-defaults-t1
time	time-r3-rapier-par-many_pyramids-defaults-t4
time	time-r3-rapier-simd8-keva-matched-t1
time	time-r3-rapier-simd8-keva-matched-t4
time	time-r3-rapier-serial-keva-matched-t1
time	time-r3-avian-serial-keva-matched-t1
time	time-r3-avian-par-keva-defaults-t1
time	time-r3-avian-par-keva-defaults-t4
time	time-r3-jolt-keva-defaults-t1
time	time-r3-jolt-keva-defaults-t4
time	time-r3-rapier-par-keva-defaults-t1
time	time-r3-rapier-par-keva-defaults-t4
time	time-r3-rapier-simd8-joint_ball-matched-t1
time	time-r3-rapier-simd8-joint_ball-matched-t4
time	time-r3-rapier-serial-joint_ball-matched-t1
time	time-r3-avian-serial-joint_ball-matched-t1
time	time-r3-avian-par-joint_ball-defaults-t1
time	time-r3-avian-par-joint_ball-defaults-t4
time	time-r3-jolt-joint_ball-defaults-t1
time	time-r3-jolt-joint_ball-defaults-t4
time	time-r3-rapier-par-joint_ball-defaults-t1
time	time-r3-rapier-par-joint_ball-defaults-t4
time	time-r3-rapier-simd8-joint_fixed-matched-t1
time	time-r3-rapier-simd8-joint_fixed-matched-t4
time	time-r3-rapier-serial-joint_fixed-matched-t1
time	time-r3-avian-serial-joint_fixed-matched-t1
time	time-r3-avian-par-joint_fixed-defaults-t1
time	time-r3-avian-par-joint_fixed-defaults-t4
time	time-r3-jolt-joint_fixed-defaults-t1
time	time-r3-jolt-joint_fixed-defaults-t4
time	time-r3-rapier-par-joint_fixed-defaults-t1
time	time-r3-rapier-par-joint_fixed-defaults-t4
time	time-r3-rapier-simd8-joint_prismatic-matched-t1
time	time-r3-rapier-simd8-joint_prismatic-matched-t4
time	time-r3-rapier-serial-joint_prismatic-matched-t1
time	time-r3-avian-serial-joint_prismatic-matched-t1
time	time-r3-avian-par-joint_prismatic-defaults-t1
time	time-r3-avian-par-joint_prismatic-defaults-t4
time	time-r3-jolt-joint_prismatic-defaults-t1
time	time-r3-jolt-joint_prismatic-defaults-t4
time	time-r3-rapier-par-joint_prismatic-defaults-t1
time	time-r3-rapier-par-joint_prismatic-defaults-t4
time	time-r3-rapier-simd8-joint_revolute-matched-t1
time	time-r3-rapier-simd8-joint_revolute-matched-t4
time	time-r3-rapier-serial-joint_revolute-matched-t1
time	time-r3-avian-serial-joint_revolute-matched-t1
time	time-r3-avian-par-joint_revolute-defaults-t1
time	time-r3-avian-par-joint_revolute-defaults-t4
time	time-r3-jolt-joint_revolute-defaults-t1
time	time-r3-jolt-joint_revolute-defaults-t4
time	time-r3-rapier-par-joint_revolute-defaults-t1
time	time-r3-rapier-par-joint_revolute-defaults-t4
split	split-r3-avian-par-balls-matched-t1
split	split-r3-avian-par-balls-matched-t4
split	split-r3-avian-par-boxes-matched-t1
split	split-r3-avian-par-boxes-matched-t4
split	split-r3-avian-par-capsules-matched-t1
split	split-r3-avian-par-capsules-matched-t4
split	split-r3-avian-par-pyramid-matched-t1
split	split-r3-avian-par-pyramid-matched-t4
split	split-r3-avian-par-many_pyramids-matched-t1
split	split-r3-avian-par-many_pyramids-matched-t4
split	split-r3-avian-par-keva-matched-t1
split	split-r3-avian-par-keva-matched-t4
split	split-r3-avian-par-joint_ball-matched-t1
split	split-r3-avian-par-joint_ball-matched-t4
split	split-r3-avian-par-joint_fixed-matched-t1
split	split-r3-avian-par-joint_fixed-matched-t4
split	split-r3-avian-par-joint_prismatic-matched-t1
split	split-r3-avian-par-joint_prismatic-matched-t4
split	split-r3-avian-par-joint_revolute-matched-t1
split	split-r3-avian-par-joint_revolute-matched-t4
sweep	sweep-r3-avian-par-many_pyramids-matched-t4-i2
sweep	sweep-r3-jolt-many_pyramids-matched-t4-i2
sweep	sweep-r3-rapier-par-many_pyramids-matched-t4-i2
sweep	sweep-r3-avian-par-many_pyramids-matched-t4-i4
sweep	sweep-r3-jolt-many_pyramids-matched-t4-i4
sweep	sweep-r3-rapier-par-many_pyramids-matched-t4-i4
sweep	sweep-r3-avian-par-many_pyramids-matched-t4-i8
sweep	sweep-r3-jolt-many_pyramids-matched-t4-i8
sweep	sweep-r3-rapier-par-many_pyramids-matched-t4-i8
sweep	sweep-r3-avian-par-joint_revolute-matched-t4-i2
sweep	sweep-r3-jolt-joint_revolute-matched-t4-i2
sweep	sweep-r3-rapier-par-joint_revolute-matched-t4-i2
sweep	sweep-r3-avian-par-joint_revolute-matched-t4-i4
sweep	sweep-r3-jolt-joint_revolute-matched-t4-i4
sweep	sweep-r3-rapier-par-joint_revolute-matched-t4-i4
sweep	sweep-r3-avian-par-joint_revolute-matched-t4-i8
sweep	sweep-r3-jolt-joint_revolute-matched-t4-i8
sweep	sweep-r3-rapier-par-joint_revolute-matched-t4-i8
validate	validate-r1-jolt-boxes-matched-t1
validate	validate-r1-jolt-boxes-matched-t4
validate	validate-r1-jolt-boxes-matched-t8
validate	validate-r1-jolt-boxes-matched-t16
validate	validate-r1-jolt-4-boxes-matched-t1
validate	validate-r1-jolt-4-boxes-matched-t4
validate	validate-r1-jolt-4-boxes-matched-t8
validate	validate-r1-jolt-4-boxes-matched-t16
validate	validate-r1-rapier-par-boxes-matched-t1
validate	validate-r1-rapier-par-boxes-matched-t4
validate	validate-r1-rapier-par-boxes-matched-t8
validate	validate-r1-rapier-par-boxes-matched-t16
validate	validate-r1-avian-par-boxes-matched-t1
validate	validate-r1-avian-par-boxes-matched-t4
validate	validate-r1-avian-par-boxes-matched-t8
validate	validate-r1-avian-par-boxes-matched-t16
validate	validate-r1-jolt-boxes-defaults-t1
validate	validate-r1-jolt-boxes-defaults-t4
validate	validate-r1-jolt-boxes-defaults-t8
validate	validate-r1-jolt-boxes-defaults-t16
validate	validate-r1-jolt-4-boxes-defaults-t1
validate	validate-r1-jolt-4-boxes-defaults-t4
validate	validate-r1-jolt-4-boxes-defaults-t8
validate	validate-r1-jolt-4-boxes-defaults-t16
validate	validate-r1-rapier-par-boxes-defaults-t1
validate	validate-r1-rapier-par-boxes-defaults-t4
validate	validate-r1-rapier-par-boxes-defaults-t8
validate	validate-r1-rapier-par-boxes-defaults-t16
validate	validate-r1-avian-par-boxes-defaults-t1
validate	validate-r1-avian-par-boxes-defaults-t4
validate	validate-r1-avian-par-boxes-defaults-t8
validate	validate-r1-avian-par-boxes-defaults-t16
validate	validate-r1-jolt-pyramid-matched-t1
validate	validate-r1-jolt-pyramid-matched-t4
validate	validate-r1-jolt-pyramid-matched-t8
validate	validate-r1-jolt-pyramid-matched-t16
validate	validate-r1-jolt-4-pyramid-matched-t1
validate	validate-r1-jolt-4-pyramid-matched-t4
validate	validate-r1-jolt-4-pyramid-matched-t8
validate	validate-r1-jolt-4-pyramid-matched-t16
validate	validate-r1-rapier-par-pyramid-matched-t1
validate	validate-r1-rapier-par-pyramid-matched-t4
validate	validate-r1-rapier-par-pyramid-matched-t8
validate	validate-r1-rapier-par-pyramid-matched-t16
validate	validate-r1-avian-par-pyramid-matched-t1
validate	validate-r1-avian-par-pyramid-matched-t4
validate	validate-r1-avian-par-pyramid-matched-t8
validate	validate-r1-avian-par-pyramid-matched-t16
validate	validate-r1-jolt-pyramid-defaults-t1
validate	validate-r1-jolt-pyramid-defaults-t4
validate	validate-r1-jolt-pyramid-defaults-t8
validate	validate-r1-jolt-pyramid-defaults-t16
validate	validate-r1-jolt-4-pyramid-defaults-t1
validate	validate-r1-jolt-4-pyramid-defaults-t4
validate	validate-r1-jolt-4-pyramid-defaults-t8
validate	validate-r1-jolt-4-pyramid-defaults-t16
validate	validate-r1-rapier-par-pyramid-defaults-t1
validate	validate-r1-rapier-par-pyramid-defaults-t4
validate	validate-r1-rapier-par-pyramid-defaults-t8
validate	validate-r1-rapier-par-pyramid-defaults-t16
validate	validate-r1-avian-par-pyramid-defaults-t1
validate	validate-r1-avian-par-pyramid-defaults-t4
validate	validate-r1-avian-par-pyramid-defaults-t8
validate	validate-r1-avian-par-pyramid-defaults-t16
validate	validate-r1-jolt-many_pyramids-matched-t1
validate	validate-r1-jolt-many_pyramids-matched-t4
validate	validate-r1-jolt-many_pyramids-matched-t8
validate	validate-r1-jolt-many_pyramids-matched-t16
validate	validate-r1-jolt-4-many_pyramids-matched-t1
validate	validate-r1-jolt-4-many_pyramids-matched-t4
validate	validate-r1-jolt-4-many_pyramids-matched-t8
validate	validate-r1-jolt-4-many_pyramids-matched-t16
validate	validate-r1-rapier-par-many_pyramids-matched-t1
validate	validate-r1-rapier-par-many_pyramids-matched-t4
validate	validate-r1-rapier-par-many_pyramids-matched-t8
validate	validate-r1-rapier-par-many_pyramids-matched-t16
validate	validate-r1-avian-par-many_pyramids-matched-t1
validate	validate-r1-avian-par-many_pyramids-matched-t4
validate	validate-r1-avian-par-many_pyramids-matched-t8
validate	validate-r1-avian-par-many_pyramids-matched-t16
validate	validate-r1-jolt-many_pyramids-defaults-t1
validate	validate-r1-jolt-many_pyramids-defaults-t4
validate	validate-r1-jolt-many_pyramids-defaults-t8
validate	validate-r1-jolt-many_pyramids-defaults-t16
validate	validate-r1-jolt-4-many_pyramids-defaults-t1
validate	validate-r1-jolt-4-many_pyramids-defaults-t4
validate	validate-r1-jolt-4-many_pyramids-defaults-t8
validate	validate-r1-jolt-4-many_pyramids-defaults-t16
validate	validate-r1-rapier-par-many_pyramids-defaults-t1
validate	validate-r1-rapier-par-many_pyramids-defaults-t4
validate	validate-r1-rapier-par-many_pyramids-defaults-t8
validate	validate-r1-rapier-par-many_pyramids-defaults-t16
validate	validate-r1-avian-par-many_pyramids-defaults-t1
validate	validate-r1-avian-par-many_pyramids-defaults-t4
validate	validate-r1-avian-par-many_pyramids-defaults-t8
validate	validate-r1-avian-par-many_pyramids-defaults-t16
validate	validate-r1-jolt-keva-matched-t1
validate	validate-r1-jolt-keva-matched-t4
validate	validate-r1-jolt-keva-matched-t8
validate	validate-r1-jolt-keva-matched-t16
validate	validate-r1-jolt-4-keva-matched-t1
validate	validate-r1-jolt-4-keva-matched-t4
validate	validate-r1-jolt-4-keva-matched-t8
validate	validate-r1-jolt-4-keva-matched-t16
validate	validate-r1-rapier-par-keva-matched-t1
validate	validate-r1-rapier-par-keva-matched-t4
validate	validate-r1-rapier-par-keva-matched-t8
validate	validate-r1-rapier-par-keva-matched-t16
validate	validate-r1-avian-par-keva-matched-t1
validate	validate-r1-avian-par-keva-matched-t4
validate	validate-r1-avian-par-keva-matched-t8
validate	validate-r1-avian-par-keva-matched-t16
validate	validate-r1-jolt-keva-defaults-t1
validate	validate-r1-jolt-keva-defaults-t4
validate	validate-r1-jolt-keva-defaults-t8
validate	validate-r1-jolt-keva-defaults-t16
validate	validate-r1-jolt-4-keva-defaults-t1
validate	validate-r1-jolt-4-keva-defaults-t4
validate	validate-r1-jolt-4-keva-defaults-t8
validate	validate-r1-jolt-4-keva-defaults-t16
validate	validate-r1-rapier-par-keva-defaults-t1
validate	validate-r1-rapier-par-keva-defaults-t4
validate	validate-r1-rapier-par-keva-defaults-t8
validate	validate-r1-rapier-par-keva-defaults-t16
validate	validate-r1-avian-par-keva-defaults-t1
validate	validate-r1-avian-par-keva-defaults-t4
validate	validate-r1-avian-par-keva-defaults-t8
validate	validate-r1-avian-par-keva-defaults-t16
