variant	scene	profile	iterations	threads	ticks	first_differing_tick	moved	digest_changes	verdict
jolt	balls	matched	default	1/4/8/16	600	none	true	true	identical
jolt-4	balls	matched	default	1/4/8/16	600	none	true	true	identical
rapier-par	balls	matched	default	1/4/8/16	600	none	true	true	identical
avian-par	balls	matched	default	1/4/8/16	600	none	true	true	identical
jolt	balls	defaults	default	1/4/8/16	600	none	true	true	identical
jolt-4	balls	defaults	default	1/4/8/16	600	none	true	true	identical
rapier-par	balls	defaults	default	1/4/8/16	600	none	true	true	identical
avian-par	balls	defaults	default	1/4/8/16	600	none	true	true	identical
jolt	capsules	matched	default	1/4/8/16	600	none	true	true	identical
jolt-4	capsules	matched	default	1/4/8/16	600	none	true	true	identical
rapier-par	capsules	matched	default	1/4/8/16	600	none	true	true	identical
avian-par	capsules	matched	default	1/4/8/16	600	none	true	true	identical
jolt	capsules	defaults	default	1/4/8/16	600	none	true	true	identical
jolt-4	capsules	defaults	default	1/4/8/16	600	none	true	true	identical
rapier-par	capsules	defaults	default	1/4/8/16	600	none	true	true	identical
avian-par	capsules	defaults	default	1/4/8/16	600	none	true	true	identical
jolt	joint_ball	matched	default	1/4/8/16	600	none	true	true	identical
jolt-4	joint_ball	matched	default	1/4/8/16	600	none	true	true	identical
rapier-par	joint_ball	matched	default	1/4/8/16	600	none	true	true	identical
avian-par	joint_ball	matched	default	1/4/8/16	600	none	true	true	identical
jolt	joint_ball	defaults	default	1/4/8/16	600	none	true	true	identical
jolt-4	joint_ball	defaults	default	1/4/8/16	600	none	true	true	identical
rapier-par	joint_ball	defaults	default	1/4/8/16	600	none	true	true	identical
avian-par	joint_ball	defaults	default	1/4/8/16	600	none	true	true	identical
jolt	joint_fixed	matched	default	1/4/8/16	600	none	true	true	identical
jolt-4	joint_fixed	matched	default	1/4/8/16	600	none	true	true	identical
rapier-par	joint_fixed	matched	default	1/4/8/16	600	none	true	true	identical
avian-par	joint_fixed	matched	default	1/4/8/16	600	none	true	true	identical
jolt	joint_fixed	defaults	default	1/4/8/16	600	none	true	true	identical
jolt-4	joint_fixed	defaults	default	1/4/8/16	600	none	true	true	identical
rapier-par	joint_fixed	defaults	default	1/4/8/16	600	none	true	true	identical
avian-par	joint_fixed	defaults	default	1/4/8/16	600	none	true	true	identical
jolt	joint_prismatic	matched	default	1/4/8/16	600	none	true	true	identical
jolt-4	joint_prismatic	matched	default	1/4/8/16	600	none	true	true	identical
rapier-par	joint_prismatic	matched	default	1/4/8/16	600	none	true	true	identical
avian-par	joint_prismatic	matched	default	1/4/8/16	600	none	true	true	identical
jolt	joint_prismatic	defaults	default	1/4/8/16	600	none	true	true	identical
jolt-4	joint_prismatic	defaults	default	1/4/8/16	600	none	true	true	identical
rapier-par	joint_prismatic	defaults	default	1/4/8/16	600	none	true	true	identical
avian-par	joint_prismatic	defaults	default	1/4/8/16	600	none	true	true	identical
jolt	joint_revolute	matched	default	1/4/8/16	600	none	true	true	identical
jolt-4	joint_revolute	matched	default	1/4/8/16	600	none	true	true	identical
rapier-par	joint_revolute	matched	default	1/4/8/16	600	none	true	true	identical
avian-par	joint_revolute	matched	default	1/4/8/16	600	none	true	true	identical
jolt	joint_revolute	defaults	default	1/4/8/16	600	none	true	true	identical
jolt-4	joint_revolute	defaults	default	1/4/8/16	600	none	true	true	identical
rapier-par	joint_revolute	defaults	default	1/4/8/16	600	none	true	true	identical
avian-par	joint_revolute	defaults	default	1/4/8/16	600	none	true	true	identical
jolt	boxes	matched	default	1/4/8/16	600	none	true	true	identical
jolt-4	boxes	matched	default	1/4/8/16	600	none	true	true	identical
rapier-par	boxes	matched	default	1/4/8/16	600	none	true	true	identical
avian-par	boxes	matched	default	1/4/8/16	600	none	true	true	identical
jolt	boxes	defaults	default	1/4/8/16	600	none	true	true	identical
jolt-4	boxes	defaults	default	1/4/8/16	600	none	true	true	identical
rapier-par	boxes	defaults	default	1/4/8/16	600	none	true	true	identical
avian-par	boxes	defaults	default	1/4/8/16	600	none	true	true	identical
jolt	pyramid	matched	default	1/4/8/16	600	none	true	true	identical
jolt-4	pyramid	matched	default	1/4/8/16	600	none	true	true	identical
rapier-par	pyramid	matched	default	1/4/8/16	600	none	true	true	identical
avian-par	pyramid	matched	default	1/4/8/16	600	none	true	true	identical
jolt	pyramid	defaults	default	1/4/8/16	600	none	true	true	identical
jolt-4	pyramid	defaults	default	1/4/8/16	600	none	true	true	identical
rapier-par	pyramid	defaults	default	1/4/8/16	600	none	true	true	identical
avian-par	pyramid	defaults	default	1/4/8/16	600	none	true	true	identical
jolt	many_pyramids	matched	default	1/4/8/16	600	none	true	true	identical
jolt-4	many_pyramids	matched	default	1/4/8/16	600	none	true	true	identical
rapier-par	many_pyramids	matched	default	1/4/8/16	600	none	true	true	identical
avian-par	many_pyramids	matched	default	1/4/8/16	600	none	true	true	identical
jolt	many_pyramids	defaults	default	1/4/8/16	600	none	true	true	identical
jolt-4	many_pyramids	defaults	default	1/4/8/16	600	none	true	true	identical
rapier-par	many_pyramids	defaults	default	1/4/8/16	600	none	true	true	identical
avian-par	many_pyramids	defaults	default	1/4/8/16	600	none	true	true	identical
jolt	keva	matched	default	1/4/8/16	600	none	true	true	identical
jolt-4	keva	matched	default	1/4/8/16	600	none	true	true	identical
rapier-par	keva	matched	default	1/4/8/16	600	none	true	true	identical
avian-par	keva	matched	default	1/4/8/16	600	none	true	true	identical
jolt	keva	defaults	default	1/4/8/16	600	none	true	true	identical
jolt-4	keva	defaults	default	1/4/8/16	600	none	true	true	identical
rapier-par	keva	defaults	default	1/4/8/16	600	none	true	true	identical
avian-par	keva	defaults	default	1/4/8/16	600	none	true	true	identical
