run_id	variant	scene	profile	threads	iterations	steps	non_finite_tick	height_ratio	ground_penetration	ground_penetration_max	fallen	final_speed_p50	final_speed_p99	ball_overlap	ball_overlap_max	anchor_max	anchor_p99	angle_max	angle_p99	limit_max	limit_p99	peak_speed	awake_at_end	digest_changes	final_digest	violations
validate-r1-jolt-balls-matched-t1	jolt	balls	matched	1	default	600	n/a	n/a	n/a	n/a	n/a	n/a	n/a	0.029945	0.262690	n/a	n/a	n/a	n/a	n/a	n/a	19.783485	7600	true	e71438fa1ab435d2	none
validate-r1-jolt-balls-matched-t4	jolt	balls	matched	4	default	600	n/a	n/a	n/a	n/a	n/a	n/a	n/a	0.029945	0.262690	n/a	n/a	n/a	n/a	n/a	n/a	19.783485	7600	true	e71438fa1ab435d2	none
validate-r1-jolt-balls-matched-t8	jolt	balls	matched	8	default	600	n/a	n/a	n/a	n/a	n/a	n/a	n/a	0.029945	0.262690	n/a	n/a	n/a	n/a	n/a	n/a	19.783485	7600	true	e71438fa1ab435d2	none
validate-r1-jolt-balls-matched-t16	jolt	balls	matched	16	default	600	n/a	n/a	n/a	n/a	n/a	n/a	n/a	0.029945	0.262690	n/a	n/a	n/a	n/a	n/a	n/a	19.783485	7600	true	e71438fa1ab435d2	none
validate-r1-jolt-4-balls-matched-t1	jolt-4	balls	matched	1	4	600	n/a	n/a	n/a	n/a	n/a	n/a	n/a	0.030387	0.340679	n/a	n/a	n/a	n/a	n/a	n/a	20.110485	7600	true	3086e326f3a76883	none
validate-r1-jolt-4-balls-matched-t4	jolt-4	balls	matched	4	4	600	n/a	n/a	n/a	n/a	n/a	n/a	n/a	0.030387	0.340679	n/a	n/a	n/a	n/a	n/a	n/a	20.110485	7600	true	3086e326f3a76883	none
validate-r1-jolt-4-balls-matched-t8	jolt-4	balls	matched	8	4	600	n/a	n/a	n/a	n/a	n/a	n/a	n/a	0.030387	0.340679	n/a	n/a	n/a	n/a	n/a	n/a	20.110485	7600	true	3086e326f3a76883	none
validate-r1-jolt-4-balls-matched-t16	jolt-4	balls	matched	16	4	600	n/a	n/a	n/a	n/a	n/a	n/a	n/a	0.030387	0.340679	n/a	n/a	n/a	n/a	n/a	n/a	20.110485	7600	true	3086e326f3a76883	none
validate-r1-rapier-par-balls-matched-t1	rapier-par	balls	matched	1	default	600	n/a	n/a	n/a	n/a	n/a	n/a	n/a	0.009950	0.301052	n/a	n/a	n/a	n/a	n/a	n/a	19.620033	7600	true	646bce3caaef6d5d	none
validate-r1-rapier-par-balls-matched-t4	rapier-par	balls	matched	4	default	600	n/a	n/a	n/a	n/a	n/a	n/a	n/a	0.009950	0.301052	n/a	n/a	n/a	n/a	n/a	n/a	19.620033	7600	true	646bce3caaef6d5d	none
validate-r1-rapier-par-balls-matched-t8	rapier-par	balls	matched	8	default	600	n/a	n/a	n/a	n/a	n/a	n/a	n/a	0.009950	0.301052	n/a	n/a	n/a	n/a	n/a	n/a	19.620033	7600	true	646bce3caaef6d5d	none
validate-r1-rapier-par-balls-matched-t16	rapier-par	balls	matched	16	default	600	n/a	n/a	n/a	n/a	n/a	n/a	n/a	0.009950	0.301052	n/a	n/a	n/a	n/a	n/a	n/a	19.620033	7600	true	646bce3caaef6d5d	none
validate-r1-avian-par-balls-matched-t1	avian-par	balls	matched	1	default	600	n/a	n/a	n/a	n/a	n/a	n/a	n/a	0.004417	0.287813	n/a	n/a	n/a	n/a	n/a	n/a	19.456535	7600	true	f929c91c083f4e85	none
validate-r1-avian-par-balls-matched-t4	avian-par	balls	matched	4	default	600	n/a	n/a	n/a	n/a	n/a	n/a	n/a	0.004417	0.287813	n/a	n/a	n/a	n/a	n/a	n/a	19.456535	7600	true	f929c91c083f4e85	none
validate-r1-avian-par-balls-matched-t8	avian-par	balls	matched	8	default	600	n/a	n/a	n/a	n/a	n/a	n/a	n/a	0.004417	0.287813	n/a	n/a	n/a	n/a	n/a	n/a	19.456535	7600	true	f929c91c083f4e85	none
validate-r1-avian-par-balls-matched-t16	avian-par	balls	matched	16	default	600	n/a	n/a	n/a	n/a	n/a	n/a	n/a	0.004417	0.287813	n/a	n/a	n/a	n/a	n/a	n/a	19.456535	7600	true	f929c91c083f4e85	none
validate-r1-jolt-balls-defaults-t1	jolt	balls	defaults	1	default	600	n/a	n/a	n/a	n/a	n/a	n/a	n/a	0.041929	0.295475	n/a	n/a	n/a	n/a	n/a	n/a	19.253227	3743	true	4a57ce0fe0ea4113	none
validate-r1-jolt-balls-defaults-t4	jolt	balls	defaults	4	default	600	n/a	n/a	n/a	n/a	n/a	n/a	n/a	0.041929	0.295475	n/a	n/a	n/a	n/a	n/a	n/a	19.253227	3743	true	4a57ce0fe0ea4113	none
validate-r1-jolt-balls-defaults-t8	jolt	balls	defaults	8	default	600	n/a	n/a	n/a	n/a	n/a	n/a	n/a	0.041929	0.295475	n/a	n/a	n/a	n/a	n/a	n/a	19.253227	3743	true	4a57ce0fe0ea4113	none
validate-r1-jolt-balls-defaults-t16	jolt	balls	defaults	16	default	600	n/a	n/a	n/a	n/a	n/a	n/a	n/a	0.041929	0.295475	n/a	n/a	n/a	n/a	n/a	n/a	19.253227	3743	true	4a57ce0fe0ea4113	none
validate-r1-jolt-4-balls-defaults-t1	jolt-4	balls	defaults	1	4	600	n/a	n/a	n/a	n/a	n/a	n/a	n/a	0.043679	0.334797	n/a	n/a	n/a	n/a	n/a	n/a	19.400547	0	true	f7d040227519fd04	none
validate-r1-jolt-4-balls-defaults-t4	jolt-4	balls	defaults	4	4	600	n/a	n/a	n/a	n/a	n/a	n/a	n/a	0.043679	0.334797	n/a	n/a	n/a	n/a	n/a	n/a	19.400547	0	true	f7d040227519fd04	none
validate-r1-jolt-4-balls-defaults-t8	jolt-4	balls	defaults	8	4	600	n/a	n/a	n/a	n/a	n/a	n/a	n/a	0.043679	0.334797	n/a	n/a	n/a	n/a	n/a	n/a	19.400547	0	true	f7d040227519fd04	none
validate-r1-jolt-4-balls-defaults-t16	jolt-4	balls	defaults	16	4	600	n/a	n/a	n/a	n/a	n/a	n/a	n/a	0.043679	0.334797	n/a	n/a	n/a	n/a	n/a	n/a	19.400547	0	true	f7d040227519fd04	none
validate-r1-rapier-par-balls-defaults-t1	rapier-par	balls	defaults	1	default	600	n/a	n/a	n/a	n/a	n/a	n/a	n/a	0.009990	0.301052	n/a	n/a	n/a	n/a	n/a	n/a	19.620033	0	true	7721475e68e63e9d	none
validate-r1-rapier-par-balls-defaults-t4	rapier-par	balls	defaults	4	default	600	n/a	n/a	n/a	n/a	n/a	n/a	n/a	0.009990	0.301052	n/a	n/a	n/a	n/a	n/a	n/a	19.620033	0	true	7721475e68e63e9d	none
validate-r1-rapier-par-balls-defaults-t8	rapier-par	balls	defaults	8	default	600	n/a	n/a	n/a	n/a	n/a	n/a	n/a	0.009990	0.301052	n/a	n/a	n/a	n/a	n/a	n/a	19.620033	0	true	7721475e68e63e9d	none
validate-r1-rapier-par-balls-defaults-t16	rapier-par	balls	defaults	16	default	600	n/a	n/a	n/a	n/a	n/a	n/a	n/a	0.009990	0.301052	n/a	n/a	n/a	n/a	n/a	n/a	19.620033	0	true	7721475e68e63e9d	none
validate-r1-avian-par-balls-defaults-t1	avian-par	balls	defaults	1	default	600	n/a	n/a	n/a	n/a	n/a	n/a	n/a	0.004442	0.088102	n/a	n/a	n/a	n/a	n/a	n/a	19.293098	0	true	dc52b3a0eae4ae3f	none
validate-r1-avian-par-balls-defaults-t4	avian-par	balls	defaults	4	default	600	n/a	n/a	n/a	n/a	n/a	n/a	n/a	0.004442	0.088102	n/a	n/a	n/a	n/a	n/a	n/a	19.293098	0	true	dc52b3a0eae4ae3f	none
validate-r1-avian-par-balls-defaults-t8	avian-par	balls	defaults	8	default	600	n/a	n/a	n/a	n/a	n/a	n/a	n/a	0.004442	0.088102	n/a	n/a	n/a	n/a	n/a	n/a	19.293098	0	true	dc52b3a0eae4ae3f	none
validate-r1-avian-par-balls-defaults-t16	avian-par	balls	defaults	16	default	600	n/a	n/a	n/a	n/a	n/a	n/a	n/a	0.004442	0.088102	n/a	n/a	n/a	n/a	n/a	n/a	19.293098	0	true	dc52b3a0eae4ae3f	none
validate-r1-jolt-capsules-matched-t1	jolt	capsules	matched	1	default	600	n/a	n/a	172.175339	172.175339	12	0.037755	8.562654	n/a	n/a	n/a	n/a	n/a	n/a	n/a	n/a	57.665176	3008	true	f6c047bf02ed5a8c	ground_penetration,fallen
validate-r1-jolt-capsules-matched-t4	jolt	capsules	matched	4	default	600	n/a	n/a	172.175339	172.175339	12	0.037755	8.562654	n/a	n/a	n/a	n/a	n/a	n/a	n/a	n/a	57.665176	3008	true	f6c047bf02ed5a8c	ground_penetration,fallen
validate-r1-jolt-capsules-matched-t8	jolt	capsules	matched	8	default	600	n/a	n/a	172.175339	172.175339	12	0.037755	8.562654	n/a	n/a	n/a	n/a	n/a	n/a	n/a	n/a	57.665176	3008	true	f6c047bf02ed5a8c	ground_penetration,fallen
validate-r1-jolt-capsules-matched-t16	jolt	capsules	matched	16	default	600	n/a	n/a	172.175339	172.175339	12	0.037755	8.562654	n/a	n/a	n/a	n/a	n/a	n/a	n/a	n/a	57.665176	3008	true	f6c047bf02ed5a8c	ground_penetration,fallen
validate-r1-jolt-4-capsules-matched-t1	jolt-4	capsules	matched	1	4	600	n/a	n/a	217.529099	217.529099	240	0.133247	57.326023	n/a	n/a	n/a	n/a	n/a	n/a	n/a	n/a	65.080185	3008	true	87cb194c376fa3ff	ground_penetration,fallen
validate-r1-jolt-4-capsules-matched-t4	jolt-4	capsules	matched	4	4	600	n/a	n/a	217.529099	217.529099	240	0.133247	57.326023	n/a	n/a	n/a	n/a	n/a	n/a	n/a	n/a	65.080185	3008	true	87cb194c376fa3ff	ground_penetration,fallen
validate-r1-jolt-4-capsules-matched-t8	jolt-4	capsules	matched	8	4	600	n/a	n/a	217.529099	217.529099	240	0.133247	57.326023	n/a	n/a	n/a	n/a	n/a	n/a	n/a	n/a	65.080185	3008	true	87cb194c376fa3ff	ground_penetration,fallen
validate-r1-jolt-4-capsules-matched-t16	jolt-4	capsules	matched	16	4	600	n/a	n/a	217.529099	217.529099	240	0.133247	57.326023	n/a	n/a	n/a	n/a	n/a	n/a	n/a	n/a	65.080185	3008	true	87cb194c376fa3ff	ground_penetration,fallen
validate-r1-rapier-par-capsules-matched-t1	rapier-par	capsules	matched	1	default	600	n/a	n/a	0.030036	0.210192	0	0.053125	7.100881	n/a	n/a	n/a	n/a	n/a	n/a	n/a	n/a	51.883018	3008	true	cfbaad54e36e0111	none
validate-r1-rapier-par-capsules-matched-t4	rapier-par	capsules	matched	4	default	600	n/a	n/a	0.030036	0.210192	0	0.053125	7.100881	n/a	n/a	n/a	n/a	n/a	n/a	n/a	n/a	51.883018	3008	true	cfbaad54e36e0111	none
validate-r1-rapier-par-capsules-matched-t8	rapier-par	capsules	matched	8	default	600	n/a	n/a	0.030036	0.210192	0	0.053125	7.100881	n/a	n/a	n/a	n/a	n/a	n/a	n/a	n/a	51.883018	3008	true	cfbaad54e36e0111	none
validate-r1-rapier-par-capsules-matched-t16	rapier-par	capsules	matched	16	default	600	n/a	n/a	0.030036	0.210192	0	0.053125	7.100881	n/a	n/a	n/a	n/a	n/a	n/a	n/a	n/a	51.883018	3008	true	cfbaad54e36e0111	none
validate-r1-avian-par-capsules-matched-t1	avian-par	capsules	matched	1	default	600	n/a	n/a	0.035773	0.266310	0	0.090287	7.593885	n/a	n/a	n/a	n/a	n/a	n/a	n/a	n/a	52.714798	3008	true	bc619af92c799f0e	none
validate-r1-avian-par-capsules-matched-t4	avian-par	capsules	matched	4	default	600	n/a	n/a	0.035773	0.266310	0	0.090287	7.593885	n/a	n/a	n/a	n/a	n/a	n/a	n/a	n/a	52.714798	3008	true	bc619af92c799f0e	none
validate-r1-avian-par-capsules-matched-t8	avian-par	capsules	matched	8	default	600	n/a	n/a	0.035773	0.266310	0	0.090287	7.593885	n/a	n/a	n/a	n/a	n/a	n/a	n/a	n/a	52.714798	3008	true	bc619af92c799f0e	none
validate-r1-avian-par-capsules-matched-t16	avian-par	capsules	matched	16	default	600	n/a	n/a	0.035773	0.266310	0	0.090287	7.593885	n/a	n/a	n/a	n/a	n/a	n/a	n/a	n/a	52.714798	3008	true	bc619af92c799f0e	none
validate-r1-jolt-capsules-defaults-t1	jolt	capsules	defaults	1	default	600	n/a	n/a	166.532562	166.532562	24	4.025073	10.718449	n/a	n/a	n/a	n/a	n/a	n/a	n/a	n/a	51.549850	3008	true	57bd82e4693b5957	ground_penetration,fallen
validate-r1-jolt-capsules-defaults-t4	jolt	capsules	defaults	4	default	600	n/a	n/a	166.532562	166.532562	24	4.025073	10.718449	n/a	n/a	n/a	n/a	n/a	n/a	n/a	n/a	51.549850	3008	true	57bd82e4693b5957	ground_penetration,fallen
validate-r1-jolt-capsules-defaults-t8	jolt	capsules	defaults	8	default	600	n/a	n/a	166.532562	166.532562	24	4.025073	10.718449	n/a	n/a	n/a	n/a	n/a	n/a	n/a	n/a	51.549850	3008	true	57bd82e4693b5957	ground_penetration,fallen
validate-r1-jolt-capsules-defaults-t16	jolt	capsules	defaults	16	default	600	n/a	n/a	166.532562	166.532562	24	4.025073	10.718449	n/a	n/a	n/a	n/a	n/a	n/a	n/a	n/a	51.549850	3008	true	57bd82e4693b5957	ground_penetration,fallen
validate-r1-jolt-4-capsules-defaults-t1	jolt-4	capsules	defaults	1	4	600	n/a	n/a	244.233658	244.233658	198	3.843322	49.629009	n/a	n/a	n/a	n/a	n/a	n/a	n/a	n/a	61.061924	3008	true	63c1ac621d7e4419	ground_penetration,fallen
validate-r1-jolt-4-capsules-defaults-t4	jolt-4	capsules	defaults	4	4	600	n/a	n/a	244.233658	244.233658	198	3.843322	49.629009	n/a	n/a	n/a	n/a	n/a	n/a	n/a	n/a	61.061924	3008	true	63c1ac621d7e4419	ground_penetration,fallen
validate-r1-jolt-4-capsules-defaults-t8	jolt-4	capsules	defaults	8	4	600	n/a	n/a	244.233658	244.233658	198	3.843322	49.629009	n/a	n/a	n/a	n/a	n/a	n/a	n/a	n/a	61.061924	3008	true	63c1ac621d7e4419	ground_penetration,fallen
validate-r1-jolt-4-capsules-defaults-t16	jolt-4	capsules	defaults	16	4	600	n/a	n/a	244.233658	244.233658	198	3.843322	49.629009	n/a	n/a	n/a	n/a	n/a	n/a	n/a	n/a	61.061924	3008	true	63c1ac621d7e4419	ground_penetration,fallen
validate-r1-rapier-par-capsules-defaults-t1	rapier-par	capsules	defaults	1	default	600	n/a	n/a	0.015109	0.210192	0	0.044614	8.287679	n/a	n/a	n/a	n/a	n/a	n/a	n/a	n/a	51.723366	3008	true	bc68f6c4d7850a32	none
validate-r1-rapier-par-capsules-defaults-t4	rapier-par	capsules	defaults	4	default	600	n/a	n/a	0.015109	0.210192	0	0.044614	8.287679	n/a	n/a	n/a	n/a	n/a	n/a	n/a	n/a	51.723366	3008	true	bc68f6c4d7850a32	none
validate-r1-rapier-par-capsules-defaults-t8	rapier-par	capsules	defaults	8	default	600	n/a	n/a	0.015109	0.210192	0	0.044614	8.287679	n/a	n/a	n/a	n/a	n/a	n/a	n/a	n/a	51.723366	3008	true	bc68f6c4d7850a32	none
validate-r1-rapier-par-capsules-defaults-t16	rapier-par	capsules	defaults	16	default	600	n/a	n/a	0.015109	0.210192	0	0.044614	8.287679	n/a	n/a	n/a	n/a	n/a	n/a	n/a	n/a	51.723366	3008	true	bc68f6c4d7850a32	none
validate-r1-avian-par-capsules-defaults-t1	avian-par	capsules	defaults	1	default	600	n/a	n/a	0.012632	0.143123	0	0.073212	7.562224	n/a	n/a	n/a	n/a	n/a	n/a	n/a	n/a	52.172291	3004	true	aeb7418c14e7713b	none
validate-r1-avian-par-capsules-defaults-t4	avian-par	capsules	defaults	4	default	600	n/a	n/a	0.012632	0.143123	0	0.073212	7.562224	n/a	n/a	n/a	n/a	n/a	n/a	n/a	n/a	52.172291	3004	true	aeb7418c14e7713b	none
validate-r1-avian-par-capsules-defaults-t8	avian-par	capsules	defaults	8	default	600	n/a	n/a	0.012632	0.143123	0	0.073212	7.562224	n/a	n/a	n/a	n/a	n/a	n/a	n/a	n/a	52.172291	3004	true	aeb7418c14e7713b	none
validate-r1-avian-par-capsules-defaults-t16	avian-par	capsules	defaults	16	default	600	n/a	n/a	0.012632	0.143123	0	0.073212	7.562224	n/a	n/a	n/a	n/a	n/a	n/a	n/a	n/a	52.172291	3004	true	aeb7418c14e7713b	none
validate-r1-jolt-joint_ball-matched-t1	jolt	joint_ball	matched	1	default	600	n/a	n/a	n/a	n/a	n/a	n/a	n/a	n/a	n/a	0.297082	0.075314	n/a	n/a	n/a	n/a	116.372574	9974	true	69cc7225ade72d14	none
validate-r1-jolt-joint_ball-matched-t4	jolt	joint_ball	matched	4	default	600	n/a	n/a	n/a	n/a	n/a	n/a	n/a	n/a	n/a	0.297082	0.075314	n/a	n/a	n/a	n/a	116.372574	9974	true	69cc7225ade72d14	none
validate-r1-jolt-joint_ball-matched-t8	jolt	joint_ball	matched	8	default	600	n/a	n/a	n/a	n/a	n/a	n/a	n/a	n/a	n/a	0.297082	0.075314	n/a	n/a	n/a	n/a	116.372574	9974	true	69cc7225ade72d14	none
validate-r1-jolt-joint_ball-matched-t16	jolt	joint_ball	matched	16	default	600	n/a	n/a	n/a	n/a	n/a	n/a	n/a	n/a	n/a	0.297082	0.075314	n/a	n/a	n/a	n/a	116.372574	9974	true	69cc7225ade72d14	none
validate-r1-jolt-4-joint_ball-matched-t1	jolt-4	joint_ball	matched	1	4	600	n/a	n/a	n/a	n/a	n/a	n/a	n/a	n/a	n/a	0.477349	0.141170	n/a	n/a	n/a	n/a	113.770287	9974	true	2bfcf85bccb7b6ed	anchor_p99
validate-r1-jolt-4-joint_ball-matched-t4	jolt-4	joint_ball	matched	4	4	600	n/a	n/a	n/a	n/a	n/a	n/a	n/a	n/a	n/a	0.477349	0.141170	n/a	n/a	n/a	n/a	113.770287	9974	true	2bfcf85bccb7b6ed	anchor_p99
validate-r1-jolt-4-joint_ball-matched-t8	jolt-4	joint_ball	matched	8	4	600	n/a	n/a	n/a	n/a	n/a	n/a	n/a	n/a	n/a	0.477349	0.141170	n/a	n/a	n/a	n/a	113.770287	9974	true	2bfcf85bccb7b6ed	anchor_p99
validate-r1-jolt-4-joint_ball-matched-t16	jolt-4	joint_ball	matched	16	4	600	n/a	n/a	n/a	n/a	n/a	n/a	n/a	n/a	n/a	0.477349	0.141170	n/a	n/a	n/a	n/a	113.770287	9974	true	2bfcf85bccb7b6ed	anchor_p99
validate-r1-rapier-par-joint_ball-matched-t1	rapier-par	joint_ball	matched	1	default	600	n/a	n/a	n/a	n/a	n/a	n/a	n/a	n/a	n/a	0.377819	0.058051	n/a	n/a	n/a	n/a	125.224876	9974	true	def47c5e10ae53ab	none
validate-r1-rapier-par-joint_ball-matched-t4	rapier-par	joint_ball	matched	4	default	600	n/a	n/a	n/a	n/a	n/a	n/a	n/a	n/a	n/a	0.377819	0.058051	n/a	n/a	n/a	n/a	125.224876	9974	true	def47c5e10ae53ab	none
validate-r1-rapier-par-joint_ball-matched-t8	rapier-par	joint_ball	matched	8	default	600	n/a	n/a	n/a	n/a	n/a	n/a	n/a	n/a	n/a	0.377819	0.058051	n/a	n/a	n/a	n/a	125.224876	9974	true	def47c5e10ae53ab	none
validate-r1-rapier-par-joint_ball-matched-t16	rapier-par	joint_ball	matched	16	default	600	n/a	n/a	n/a	n/a	n/a	n/a	n/a	n/a	n/a	0.377819	0.058051	n/a	n/a	n/a	n/a	125.224876	9974	true	def47c5e10ae53ab	none
validate-r1-avian-par-joint_ball-matched-t1	avian-par	joint_ball	matched	1	default	600	n/a	n/a	n/a	n/a	n/a	n/a	n/a	n/a	n/a	9.013257	1.141398	n/a	n/a	n/a	n/a	1056.977661	9974	true	540a082bc385a37b	anchor_p99
validate-r1-avian-par-joint_ball-matched-t4	avian-par	joint_ball	matched	4	default	600	n/a	n/a	n/a	n/a	n/a	n/a	n/a	n/a	n/a	9.013257	1.141398	n/a	n/a	n/a	n/a	1056.977661	9974	true	540a082bc385a37b	anchor_p99
validate-r1-avian-par-joint_ball-matched-t8	avian-par	joint_ball	matched	8	default	600	n/a	n/a	n/a	n/a	n/a	n/a	n/a	n/a	n/a	9.013257	1.141398	n/a	n/a	n/a	n/a	1056.977661	9974	true	540a082bc385a37b	anchor_p99
validate-r1-avian-par-joint_ball-matched-t16	avian-par	joint_ball	matched	16	default	600	n/a	n/a	n/a	n/a	n/a	n/a	n/a	n/a	n/a	9.013257	1.141398	n/a	n/a	n/a	n/a	1056.977661	9974	true	540a082bc385a37b	anchor_p99
validate-r1-jolt-joint_ball-defaults-t1	jolt	joint_ball	defaults	1	default	600	n/a	n/a	n/a	n/a	n/a	n/a	n/a	n/a	n/a	0.253341	0.069071	n/a	n/a	n/a	n/a	104.852959	9974	true	8d175a19e8fe0e4a	none
validate-r1-jolt-joint_ball-defaults-t4	jolt	joint_ball	defaults	4	default	600	n/a	n/a	n/a	n/a	n/a	n/a	n/a	n/a	n/a	0.253341	0.069071	n/a	n/a	n/a	n/a	104.852959	9974	true	8d175a19e8fe0e4a	none
validate-r1-jolt-joint_ball-defaults-t8	jolt	joint_ball	defaults	8	default	600	n/a	n/a	n/a	n/a	n/a	n/a	n/a	n/a	n/a	0.253341	0.069071	n/a	n/a	n/a	n/a	104.852959	9974	true	8d175a19e8fe0e4a	none
validate-r1-jolt-joint_ball-defaults-t16	jolt	joint_ball	defaults	16	default	600	n/a	n/a	n/a	n/a	n/a	n/a	n/a	n/a	n/a	0.253341	0.069071	n/a	n/a	n/a	n/a	104.852959	9974	true	8d175a19e8fe0e4a	none
validate-r1-jolt-4-joint_ball-defaults-t1	jolt-4	joint_ball	defaults	1	4	600	n/a	n/a	n/a	n/a	n/a	n/a	n/a	n/a	n/a	0.433182	0.132719	n/a	n/a	n/a	n/a	102.536575	9974	true	73b61efe30267aea	anchor_p99
validate-r1-jolt-4-joint_ball-defaults-t4	jolt-4	joint_ball	defaults	4	4	600	n/a	n/a	n/a	n/a	n/a	n/a	n/a	n/a	n/a	0.433182	0.132719	n/a	n/a	n/a	n/a	102.536575	9974	true	73b61efe30267aea	anchor_p99
validate-r1-jolt-4-joint_ball-defaults-t8	jolt-4	joint_ball	defaults	8	4	600	n/a	n/a	n/a	n/a	n/a	n/a	n/a	n/a	n/a	0.433182	0.132719	n/a	n/a	n/a	n/a	102.536575	9974	true	73b61efe30267aea	anchor_p99
validate-r1-jolt-4-joint_ball-defaults-t16	jolt-4	joint_ball	defaults	16	4	600	n/a	n/a	n/a	n/a	n/a	n/a	n/a	n/a	n/a	0.433182	0.132719	n/a	n/a	n/a	n/a	102.536575	9974	true	73b61efe30267aea	anchor_p99
validate-r1-rapier-par-joint_ball-defaults-t1	rapier-par	joint_ball	defaults	1	default	600	n/a	n/a	n/a	n/a	n/a	n/a	n/a	n/a	n/a	0.377819	0.058051	n/a	n/a	n/a	n/a	125.224876	9974	true	def47c5e10ae53ab	none
validate-r1-rapier-par-joint_ball-defaults-t4	rapier-par	joint_ball	defaults	4	default	600	n/a	n/a	n/a	n/a	n/a	n/a	n/a	n/a	n/a	0.377819	0.058051	n/a	n/a	n/a	n/a	125.224876	9974	true	def47c5e10ae53ab	none
validate-r1-rapier-par-joint_ball-defaults-t8	rapier-par	joint_ball	defaults	8	default	600	n/a	n/a	n/a	n/a	n/a	n/a	n/a	n/a	n/a	0.377819	0.058051	n/a	n/a	n/a	n/a	125.224876	9974	true	def47c5e10ae53ab	none
validate-r1-rapier-par-joint_ball-defaults-t16	rapier-par	joint_ball	defaults	16	default	600	n/a	n/a	n/a	n/a	n/a	n/a	n/a	n/a	n/a	0.377819	0.058051	n/a	n/a	n/a	n/a	125.224876	9974	true	def47c5e10ae53ab	none
validate-r1-avian-par-joint_ball-defaults-t1	avian-par	joint_ball	defaults	1	default	600	n/a	n/a	n/a	n/a	n/a	n/a	n/a	n/a	n/a	0.840763	0.140782	n/a	n/a	n/a	n/a	118.374657	9974	true	be5ba71907b8069d	anchor_p99
validate-r1-avian-par-joint_ball-defaults-t4	avian-par	joint_ball	defaults	4	default	600	n/a	n/a	n/a	n/a	n/a	n/a	n/a	n/a	n/a	0.840763	0.140782	n/a	n/a	n/a	n/a	118.374657	9974	true	be5ba71907b8069d	anchor_p99
validate-r1-avian-par-joint_ball-defaults-t8	avian-par	joint_ball	defaults	8	default	600	n/a	n/a	n/a	n/a	n/a	n/a	n/a	n/a	n/a	0.840763	0.140782	n/a	n/a	n/a	n/a	118.374657	9974	true	be5ba71907b8069d	anchor_p99
validate-r1-avian-par-joint_ball-defaults-t16	avian-par	joint_ball	defaults	16	default	600	n/a	n/a	n/a	n/a	n/a	n/a	n/a	n/a	n/a	0.840763	0.140782	n/a	n/a	n/a	n/a	118.374657	9974	true	be5ba71907b8069d	anchor_p99
validate-r1-jolt-joint_fixed-matched-t1	jolt	joint_fixed	matched	1	default	600	n/a	n/a	n/a	n/a	n/a	n/a	n/a	n/a	n/a	0.018677	0.008434	0.097893	0.044251	n/a	n/a	2.444044	11500	true	f3bd472f3548e62e	none
validate-r1-jolt-joint_fixed-matched-t4	jolt	joint_fixed	matched	4	default	600	n/a	n/a	n/a	n/a	n/a	n/a	n/a	n/a	n/a	0.018677	0.008434	0.097893	0.044251	n/a	n/a	2.444044	11500	true	f3bd472f3548e62e	none
validate-r1-jolt-joint_fixed-matched-t8	jolt	joint_fixed	matched	8	default	600	n/a	n/a	n/a	n/a	n/a	n/a	n/a	n/a	n/a	0.018677	0.008434	0.097893	0.044251	n/a	n/a	2.444044	11500	true	f3bd472f3548e62e	none
validate-r1-jolt-joint_fixed-matched-t16	jolt	joint_fixed	matched	16	default	600	n/a	n/a	n/a	n/a	n/a	n/a	n/a	n/a	n/a	0.018677	0.008434	0.097893	0.044251	n/a	n/a	2.444044	11500	true	f3bd472f3548e62e	none
validate-r1-jolt-4-joint_fixed-matched-t1	jolt-4	joint_fixed	matched	1	4	600	n/a	n/a	n/a	n/a	n/a	n/a	n/a	n/a	n/a	0.045248	0.024531	0.241642	0.108449	n/a	n/a	3.945868	11500	true	2c5a67979eab6137	angle_p99
validate-r1-jolt-4-joint_fixed-matched-t4	jolt-4	joint_fixed	matched	4	4	600	n/a	n/a	n/a	n/a	n/a	n/a	n/a	n/a	n/a	0.045248	0.024531	0.241642	0.108449	n/a	n/a	3.945868	11500	true	2c5a67979eab6137	angle_p99
validate-r1-jolt-4-joint_fixed-matched-t8	jolt-4	joint_fixed	matched	8	4	600	n/a	n/a	n/a	n/a	n/a	n/a	n/a	n/a	n/a	0.045248	0.024531	0.241642	0.108449	n/a	n/a	3.945868	11500	true	2c5a67979eab6137	angle_p99
validate-r1-jolt-4-joint_fixed-matched-t16	jolt-4	joint_fixed	matched	16	4	600	n/a	n/a	n/a	n/a	n/a	n/a	n/a	n/a	n/a	0.045248	0.024531	0.241642	0.108449	n/a	n/a	3.945868	11500	true	2c5a67979eab6137	angle_p99
validate-r1-rapier-par-joint_fixed-matched-t1	rapier-par	joint_fixed	matched	1	default	600	n/a	n/a	n/a	n/a	n/a	n/a	n/a	n/a	n/a	0.027487	0.013977	0.060628	0.032331	n/a	n/a	1.111681	11500	true	611677d4dd944ba2	none
validate-r1-rapier-par-joint_fixed-matched-t4	rapier-par	joint_fixed	matched	4	default	600	n/a	n/a	n/a	n/a	n/a	n/a	n/a	n/a	n/a	0.027487	0.013977	0.060628	0.032331	n/a	n/a	1.111681	11500	true	611677d4dd944ba2	none
validate-r1-rapier-par-joint_fixed-matched-t8	rapier-par	joint_fixed	matched	8	default	600	n/a	n/a	n/a	n/a	n/a	n/a	n/a	n/a	n/a	0.027487	0.013977	0.060628	0.032331	n/a	n/a	1.111681	11500	true	611677d4dd944ba2	none
validate-r1-rapier-par-joint_fixed-matched-t16	rapier-par	joint_fixed	matched	16	default	600	n/a	n/a	n/a	n/a	n/a	n/a	n/a	n/a	n/a	0.027487	0.013977	0.060628	0.032331	n/a	n/a	1.111681	11500	true	611677d4dd944ba2	none
validate-r1-avian-par-joint_fixed-matched-t1	avian-par	joint_fixed	matched	1	default	600	n/a	n/a	n/a	n/a	n/a	n/a	n/a	n/a	n/a	0.073338	0.035137	0.113910	0.058193	n/a	n/a	2.032147	11500	true	4857a3b860472ac8	none
validate-r1-avian-par-joint_fixed-matched-t4	avian-par	joint_fixed	matched	4	default	600	n/a	n/a	n/a	n/a	n/a	n/a	n/a	n/a	n/a	0.073338	0.035137	0.113910	0.058193	n/a	n/a	2.032147	11500	true	4857a3b860472ac8	none
validate-r1-avian-par-joint_fixed-matched-t8	avian-par	joint_fixed	matched	8	default	600	n/a	n/a	n/a	n/a	n/a	n/a	n/a	n/a	n/a	0.073338	0.035137	0.113910	0.058193	n/a	n/a	2.032147	11500	true	4857a3b860472ac8	none
validate-r1-avian-par-joint_fixed-matched-t16	avian-par	joint_fixed	matched	16	default	600	n/a	n/a	n/a	n/a	n/a	n/a	n/a	n/a	n/a	0.073338	0.035137	0.113910	0.058193	n/a	n/a	2.032147	11500	true	4857a3b860472ac8	none
validate-r1-jolt-joint_fixed-defaults-t1	jolt	joint_fixed	defaults	1	default	600	n/a	n/a	n/a	n/a	n/a	n/a	n/a	n/a	n/a	0.018545	0.008299	0.097193	0.044173	n/a	n/a	2.427834	11500	true	c56391e052c54a3a	none
validate-r1-jolt-joint_fixed-defaults-t4	jolt	joint_fixed	defaults	4	default	600	n/a	n/a	n/a	n/a	n/a	n/a	n/a	n/a	n/a	0.018545	0.008299	0.097193	0.044173	n/a	n/a	2.427834	11500	true	c56391e052c54a3a	none
validate-r1-jolt-joint_fixed-defaults-t8	jolt	joint_fixed	defaults	8	default	600	n/a	n/a	n/a	n/a	n/a	n/a	n/a	n/a	n/a	0.018545	0.008299	0.097193	0.044173	n/a	n/a	2.427834	11500	true	c56391e052c54a3a	none
validate-r1-jolt-joint_fixed-defaults-t16	jolt	joint_fixed	defaults	16	default	600	n/a	n/a	n/a	n/a	n/a	n/a	n/a	n/a	n/a	0.018545	0.008299	0.097193	0.044173	n/a	n/a	2.427834	11500	true	c56391e052c54a3a	none
validate-r1-jolt-4-joint_fixed-defaults-t1	jolt-4	joint_fixed	defaults	1	4	600	n/a	n/a	n/a	n/a	n/a	n/a	n/a	n/a	n/a	0.044774	0.023685	0.238994	0.108335	n/a	n/a	3.906910	11500	true	cdd7491c90c14c39	angle_p99
validate-r1-jolt-4-joint_fixed-defaults-t4	jolt-4	joint_fixed	defaults	4	4	600	n/a	n/a	n/a	n/a	n/a	n/a	n/a	n/a	n/a	0.044774	0.023685	0.238994	0.108335	n/a	n/a	3.906910	11500	true	cdd7491c90c14c39	angle_p99
validate-r1-jolt-4-joint_fixed-defaults-t8	jolt-4	joint_fixed	defaults	8	4	600	n/a	n/a	n/a	n/a	n/a	n/a	n/a	n/a	n/a	0.044774	0.023685	0.238994	0.108335	n/a	n/a	3.906910	11500	true	cdd7491c90c14c39	angle_p99
validate-r1-jolt-4-joint_fixed-defaults-t16	jolt-4	joint_fixed	defaults	16	4	600	n/a	n/a	n/a	n/a	n/a	n/a	n/a	n/a	n/a	0.044774	0.023685	0.238994	0.108335	n/a	n/a	3.906910	11500	true	cdd7491c90c14c39	angle_p99
validate-r1-rapier-par-joint_fixed-defaults-t1	rapier-par	joint_fixed	defaults	1	default	600	n/a	n/a	n/a	n/a	n/a	n/a	n/a	n/a	n/a	0.027487	0.014179	0.060628	0.032753	n/a	n/a	1.111681	0	true	907a110a3de8704d	none
validate-r1-rapier-par-joint_fixed-defaults-t4	rapier-par	joint_fixed	defaults	4	default	600	n/a	n/a	n/a	n/a	n/a	n/a	n/a	n/a	n/a	0.027487	0.014179	0.060628	0.032753	n/a	n/a	1.111681	0	true	907a110a3de8704d	none
validate-r1-rapier-par-joint_fixed-defaults-t8	rapier-par	joint_fixed	defaults	8	default	600	n/a	n/a	n/a	n/a	n/a	n/a	n/a	n/a	n/a	0.027487	0.014179	0.060628	0.032753	n/a	n/a	1.111681	0	true	907a110a3de8704d	none
validate-r1-rapier-par-joint_fixed-defaults-t16	rapier-par	joint_fixed	defaults	16	default	600	n/a	n/a	n/a	n/a	n/a	n/a	n/a	n/a	n/a	0.027487	0.014179	0.060628	0.032753	n/a	n/a	1.111681	0	true	907a110a3de8704d	none
validate-r1-avian-par-joint_fixed-defaults-t1	avian-par	joint_fixed	defaults	1	default	600	n/a	n/a	n/a	n/a	n/a	n/a	n/a	n/a	n/a	0.032705	0.015305	0.050769	0.025398	n/a	n/a	1.356995	11500	true	0ef055fbc31c9f1f	none
validate-r1-avian-par-joint_fixed-defaults-t4	avian-par	joint_fixed	defaults	4	default	600	n/a	n/a	n/a	n/a	n/a	n/a	n/a	n/a	n/a	0.032705	0.015305	0.050769	0.025398	n/a	n/a	1.356995	11500	true	0ef055fbc31c9f1f	none
validate-r1-avian-par-joint_fixed-defaults-t8	avian-par	joint_fixed	defaults	8	default	600	n/a	n/a	n/a	n/a	n/a	n/a	n/a	n/a	n/a	0.032705	0.015305	0.050769	0.025398	n/a	n/a	1.356995	11500	true	0ef055fbc31c9f1f	none
validate-r1-avian-par-joint_fixed-defaults-t16	avian-par	joint_fixed	defaults	16	default	600	n/a	n/a	n/a	n/a	n/a	n/a	n/a	n/a	n/a	0.032705	0.015305	0.050769	0.025398	n/a	n/a	1.356995	11500	true	0ef055fbc31c9f1f	none
validate-r1-jolt-joint_prismatic-matched-t1	jolt	joint_prismatic	matched	1	default	600	n/a	n/a	n/a	n/a	n/a	n/a	n/a	n/a	n/a	0.188482	0.057239	0.111830	0.044255	0.067999	0.011519	11.636282	16000	true	15f76245e8fc31ab	none
validate-r1-jolt-joint_prismatic-matched-t4	jolt	joint_prismatic	matched	4	default	600	n/a	n/a	n/a	n/a	n/a	n/a	n/a	n/a	n/a	0.188482	0.057239	0.111830	0.044255	0.067999	0.011519	11.636282	16000	true	15f76245e8fc31ab	none
validate-r1-jolt-joint_prismatic-matched-t8	jolt	joint_prismatic	matched	8	default	600	n/a	n/a	n/a	n/a	n/a	n/a	n/a	n/a	n/a	0.188482	0.057239	0.111830	0.044255	0.067999	0.011519	11.636282	16000	true	15f76245e8fc31ab	none
validate-r1-jolt-joint_prismatic-matched-t16	jolt	joint_prismatic	matched	16	default	600	n/a	n/a	n/a	n/a	n/a	n/a	n/a	n/a	n/a	0.188482	0.057239	0.111830	0.044255	0.067999	0.011519	11.636282	16000	true	15f76245e8fc31ab	none
validate-r1-jolt-4-joint_prismatic-matched-t1	jolt-4	joint_prismatic	matched	1	4	600	n/a	n/a	n/a	n/a	n/a	n/a	n/a	n/a	n/a	0.327056	0.107055	0.180595	0.092380	0.086380	0.021988	12.212847	16000	true	536b5423685a3c75	anchor_p99
validate-r1-jolt-4-joint_prismatic-matched-t4	jolt-4	joint_prismatic	matched	4	4	600	n/a	n/a	n/a	n/a	n/a	n/a	n/a	n/a	n/a	0.327056	0.107055	0.180595	0.092380	0.086380	0.021988	12.212847	16000	true	536b5423685a3c75	anchor_p99
validate-r1-jolt-4-joint_prismatic-matched-t8	jolt-4	joint_prismatic	matched	8	4	600	n/a	n/a	n/a	n/a	n/a	n/a	n/a	n/a	n/a	0.327056	0.107055	0.180595	0.092380	0.086380	0.021988	12.212847	16000	true	536b5423685a3c75	anchor_p99
validate-r1-jolt-4-joint_prismatic-matched-t16	jolt-4	joint_prismatic	matched	16	4	600	n/a	n/a	n/a	n/a	n/a	n/a	n/a	n/a	n/a	0.327056	0.107055	0.180595	0.092380	0.086380	0.021988	12.212847	16000	true	536b5423685a3c75	anchor_p99
validate-r1-rapier-par-joint_prismatic-matched-t1	rapier-par	joint_prismatic	matched	1	default	600	n/a	n/a	n/a	n/a	n/a	n/a	n/a	n/a	n/a	0.122691	0.039868	0.149054	0.039926	0.031446	0.002505	10.846784	16000	true	9d1361e003a49b85	none
validate-r1-rapier-par-joint_prismatic-matched-t4	rapier-par	joint_prismatic	matched	4	default	600	n/a	n/a	n/a	n/a	n/a	n/a	n/a	n/a	n/a	0.122691	0.039868	0.149054	0.039926	0.031446	0.002505	10.846784	16000	true	9d1361e003a49b85	none
validate-r1-rapier-par-joint_prismatic-matched-t8	rapier-par	joint_prismatic	matched	8	default	600	n/a	n/a	n/a	n/a	n/a	n/a	n/a	n/a	n/a	0.122691	0.039868	0.149054	0.039926	0.031446	0.002505	10.846784	16000	true	9d1361e003a49b85	none
validate-r1-rapier-par-joint_prismatic-matched-t16	rapier-par	joint_prismatic	matched	16	default	600	n/a	n/a	n/a	n/a	n/a	n/a	n/a	n/a	n/a	0.122691	0.039868	0.149054	0.039926	0.031446	0.002505	10.846784	16000	true	9d1361e003a49b85	none
validate-r1-avian-par-joint_prismatic-matched-t1	avian-par	joint_prismatic	matched	1	default	600	n/a	n/a	n/a	n/a	n/a	n/a	n/a	n/a	n/a	10.756069	2.770000	3.141593	2.999875	6.765228	1.551825	1224.165039	16000	true	f07d160b8c09e433	anchor_p99,angle_p99,limit_p99
validate-r1-avian-par-joint_prismatic-matched-t4	avian-par	joint_prismatic	matched	4	default	600	n/a	n/a	n/a	n/a	n/a	n/a	n/a	n/a	n/a	10.756069	2.770000	3.141593	2.999875	6.765228	1.551825	1224.165039	16000	true	f07d160b8c09e433	anchor_p99,angle_p99,limit_p99
validate-r1-avian-par-joint_prismatic-matched-t8	avian-par	joint_prismatic	matched	8	default	600	n/a	n/a	n/a	n/a	n/a	n/a	n/a	n/a	n/a	10.756069	2.770000	3.141593	2.999875	6.765228	1.551825	1224.165039	16000	true	f07d160b8c09e433	anchor_p99,angle_p99,limit_p99
validate-r1-avian-par-joint_prismatic-matched-t16	avian-par	joint_prismatic	matched	16	default	600	n/a	n/a	n/a	n/a	n/a	n/a	n/a	n/a	n/a	10.756069	2.770000	3.141593	2.999875	6.765228	1.551825	1224.165039	16000	true	f07d160b8c09e433	anchor_p99,angle_p99,limit_p99
validate-r1-jolt-joint_prismatic-defaults-t1	jolt	joint_prismatic	defaults	1	default	600	n/a	n/a	n/a	n/a	n/a	n/a	n/a	n/a	n/a	0.173971	0.051587	0.103320	0.039619	0.107332	0.011875	11.448242	16000	true	a02f3385bbd6fc95	none
validate-r1-jolt-joint_prismatic-defaults-t4	jolt	joint_prismatic	defaults	4	default	600	n/a	n/a	n/a	n/a	n/a	n/a	n/a	n/a	n/a	0.173971	0.051587	0.103320	0.039619	0.107332	0.011875	11.448242	16000	true	a02f3385bbd6fc95	none
validate-r1-jolt-joint_prismatic-defaults-t8	jolt	joint_prismatic	defaults	8	default	600	n/a	n/a	n/a	n/a	n/a	n/a	n/a	n/a	n/a	0.173971	0.051587	0.103320	0.039619	0.107332	0.011875	11.448242	16000	true	a02f3385bbd6fc95	none
validate-r1-jolt-joint_prismatic-defaults-t16	jolt	joint_prismatic	defaults	16	default	600	n/a	n/a	n/a	n/a	n/a	n/a	n/a	n/a	n/a	0.173971	0.051587	0.103320	0.039619	0.107332	0.011875	11.448242	16000	true	a02f3385bbd6fc95	none
validate-r1-jolt-4-joint_prismatic-defaults-t1	jolt-4	joint_prismatic	defaults	1	4	600	n/a	n/a	n/a	n/a	n/a	n/a	n/a	n/a	n/a	0.310379	0.101996	0.168932	0.092511	0.109218	0.019823	11.964828	16000	true	c8305ccf191c02a2	anchor_p99
validate-r1-jolt-4-joint_prismatic-defaults-t4	jolt-4	joint_prismatic	defaults	4	4	600	n/a	n/a	n/a	n/a	n/a	n/a	n/a	n/a	n/a	0.310379	0.101996	0.168932	0.092511	0.109218	0.019823	11.964828	16000	true	c8305ccf191c02a2	anchor_p99
validate-r1-jolt-4-joint_prismatic-defaults-t8	jolt-4	joint_prismatic	defaults	8	4	600	n/a	n/a	n/a	n/a	n/a	n/a	n/a	n/a	n/a	0.310379	0.101996	0.168932	0.092511	0.109218	0.019823	11.964828	16000	true	c8305ccf191c02a2	anchor_p99
validate-r1-jolt-4-joint_prismatic-defaults-t16	jolt-4	joint_prismatic	defaults	16	4	600	n/a	n/a	n/a	n/a	n/a	n/a	n/a	n/a	n/a	0.310379	0.101996	0.168932	0.092511	0.109218	0.019823	11.964828	16000	true	c8305ccf191c02a2	anchor_p99
validate-r1-rapier-par-joint_prismatic-defaults-t1	rapier-par	joint_prismatic	defaults	1	default	600	n/a	n/a	n/a	n/a	n/a	n/a	n/a	n/a	n/a	0.122691	0.039868	0.149054	0.039926	0.031446	0.002505	10.846784	16000	true	9d1361e003a49b85	none
validate-r1-rapier-par-joint_prismatic-defaults-t4	rapier-par	joint_prismatic	defaults	4	default	600	n/a	n/a	n/a	n/a	n/a	n/a	n/a	n/a	n/a	0.122691	0.039868	0.149054	0.039926	0.031446	0.002505	10.846784	16000	true	9d1361e003a49b85	none
validate-r1-rapier-par-joint_prismatic-defaults-t8	rapier-par	joint_prismatic	defaults	8	default	600	n/a	n/a	n/a	n/a	n/a	n/a	n/a	n/a	n/a	0.122691	0.039868	0.149054	0.039926	0.031446	0.002505	10.846784	16000	true	9d1361e003a49b85	none
validate-r1-rapier-par-joint_prismatic-defaults-t16	rapier-par	joint_prismatic	defaults	16	default	600	n/a	n/a	n/a	n/a	n/a	n/a	n/a	n/a	n/a	0.122691	0.039868	0.149054	0.039926	0.031446	0.002505	10.846784	16000	true	9d1361e003a49b85	none
validate-r1-avian-par-joint_prismatic-defaults-t1	avian-par	joint_prismatic	defaults	1	default	600	n/a	n/a	n/a	n/a	n/a	n/a	n/a	n/a	n/a	6.219244	1.167864	3.141593	2.699181	5.052630	0.499149	971.217957	16000	true	5e4f0777dc3b71f6	anchor_p99,angle_p99,limit_p99
validate-r1-avian-par-joint_prismatic-defaults-t4	avian-par	joint_prismatic	defaults	4	default	600	n/a	n/a	n/a	n/a	n/a	n/a	n/a	n/a	n/a	6.219244	1.167864	3.141593	2.699181	5.052630	0.499149	971.217957	16000	true	5e4f0777dc3b71f6	anchor_p99,angle_p99,limit_p99
validate-r1-avian-par-joint_prismatic-defaults-t8	avian-par	joint_prismatic	defaults	8	default	600	n/a	n/a	n/a	n/a	n/a	n/a	n/a	n/a	n/a	6.219244	1.167864	3.141593	2.699181	5.052630	0.499149	971.217957	16000	true	5e4f0777dc3b71f6	anchor_p99,angle_p99,limit_p99
validate-r1-avian-par-joint_prismatic-defaults-t16	avian-par	joint_prismatic	defaults	16	default	600	n/a	n/a	n/a	n/a	n/a	n/a	n/a	n/a	n/a	6.219244	1.167864	3.141593	2.699181	5.052630	0.499149	971.217957	16000	true	5e4f0777dc3b71f6	anchor_p99,angle_p99,limit_p99
validate-r1-jolt-joint_revolute-matched-t1	jolt	joint_revolute	matched	1	default	600	n/a	n/a	n/a	n/a	n/a	n/a	n/a	n/a	n/a	1.707297	0.919359	0.658828	0.346165	n/a	n/a	61.586159	8000	true	4c6207e1dab8d054	anchor_p99,angle_p99
validate-r1-jolt-joint_revolute-matched-t4	jolt	joint_revolute	matched	4	default	600	n/a	n/a	n/a	n/a	n/a	n/a	n/a	n/a	n/a	1.707297	0.919359	0.658828	0.346165	n/a	n/a	61.586159	8000	true	4c6207e1dab8d054	anchor_p99,angle_p99
validate-r1-jolt-joint_revolute-matched-t8	jolt	joint_revolute	matched	8	default	600	n/a	n/a	n/a	n/a	n/a	n/a	n/a	n/a	n/a	1.707297	0.919359	0.658828	0.346165	n/a	n/a	61.586159	8000	true	4c6207e1dab8d054	anchor_p99,angle_p99
validate-r1-jolt-joint_revolute-matched-t16	jolt	joint_revolute	matched	16	default	600	n/a	n/a	n/a	n/a	n/a	n/a	n/a	n/a	n/a	1.707297	0.919359	0.658828	0.346165	n/a	n/a	61.586159	8000	true	4c6207e1dab8d054	anchor_p99,angle_p99
validate-r1-jolt-4-joint_revolute-matched-t1	jolt-4	joint_revolute	matched	1	4	600	n/a	n/a	n/a	n/a	n/a	n/a	n/a	n/a	n/a	5.050679	1.626429	1.085184	0.493550	n/a	n/a	60.247173	8000	true	5216da91783355ed	anchor_p99,angle_p99
validate-r1-jolt-4-joint_revolute-matched-t4	jolt-4	joint_revolute	matched	4	4	600	n/a	n/a	n/a	n/a	n/a	n/a	n/a	n/a	n/a	5.050679	1.626429	1.085184	0.493550	n/a	n/a	60.247173	8000	true	5216da91783355ed	anchor_p99,angle_p99
validate-r1-jolt-4-joint_revolute-matched-t8	jolt-4	joint_revolute	matched	8	4	600	n/a	n/a	n/a	n/a	n/a	n/a	n/a	n/a	n/a	5.050679	1.626429	1.085184	0.493550	n/a	n/a	60.247173	8000	true	5216da91783355ed	anchor_p99,angle_p99
validate-r1-jolt-4-joint_revolute-matched-t16	jolt-4	joint_revolute	matched	16	4	600	n/a	n/a	n/a	n/a	n/a	n/a	n/a	n/a	n/a	5.050679	1.626429	1.085184	0.493550	n/a	n/a	60.247173	8000	true	5216da91783355ed	anchor_p99,angle_p99
validate-r1-rapier-par-joint_revolute-matched-t1	rapier-par	joint_revolute	matched	1	default	600	n/a	n/a	n/a	n/a	n/a	n/a	n/a	n/a	n/a	0.710362	0.203237	0.357412	0.109502	n/a	n/a	64.209267	8000	true	ba06e15bb9dd7e1f	anchor_p99,angle_p99
validate-r1-rapier-par-joint_revolute-matched-t4	rapier-par	joint_revolute	matched	4	default	600	n/a	n/a	n/a	n/a	n/a	n/a	n/a	n/a	n/a	0.710362	0.203237	0.357412	0.109502	n/a	n/a	64.209267	8000	true	ba06e15bb9dd7e1f	anchor_p99,angle_p99
validate-r1-rapier-par-joint_revolute-matched-t8	rapier-par	joint_revolute	matched	8	default	600	n/a	n/a	n/a	n/a	n/a	n/a	n/a	n/a	n/a	0.710362	0.203237	0.357412	0.109502	n/a	n/a	64.209267	8000	true	ba06e15bb9dd7e1f	anchor_p99,angle_p99
validate-r1-rapier-par-joint_revolute-matched-t16	rapier-par	joint_revolute	matched	16	default	600	n/a	n/a	n/a	n/a	n/a	n/a	n/a	n/a	n/a	0.710362	0.203237	0.357412	0.109502	n/a	n/a	64.209267	8000	true	ba06e15bb9dd7e1f	anchor_p99,angle_p99
validate-r1-avian-par-joint_revolute-matched-t1	avian-par	joint_revolute	matched	1	default	600	n/a	n/a	n/a	n/a	n/a	n/a	n/a	n/a	n/a	158.970688	21.198238	3.141104	3.007380	n/a	n/a	18049.431641	8000	true	6ddf4eb98ded4e11	anchor_p99,angle_p99
validate-r1-avian-par-joint_revolute-matched-t4	avian-par	joint_revolute	matched	4	default	600	n/a	n/a	n/a	n/a	n/a	n/a	n/a	n/a	n/a	158.970688	21.198238	3.141104	3.007380	n/a	n/a	18049.431641	8000	true	6ddf4eb98ded4e11	anchor_p99,angle_p99
validate-r1-avian-par-joint_revolute-matched-t8	avian-par	joint_revolute	matched	8	default	600	n/a	n/a	n/a	n/a	n/a	n/a	n/a	n/a	n/a	158.970688	21.198238	3.141104	3.007380	n/a	n/a	18049.431641	8000	true	6ddf4eb98ded4e11	anchor_p99,angle_p99
validate-r1-avian-par-joint_revolute-matched-t16	avian-par	joint_revolute	matched	16	default	600	n/a	n/a	n/a	n/a	n/a	n/a	n/a	n/a	n/a	158.970688	21.198238	3.141104	3.007380	n/a	n/a	18049.431641	8000	true	6ddf4eb98ded4e11	anchor_p99,angle_p99
validate-r1-jolt-joint_revolute-defaults-t1	jolt	joint_revolute	defaults	1	default	600	n/a	n/a	n/a	n/a	n/a	n/a	n/a	n/a	n/a	1.555967	0.906718	0.602135	0.339715	n/a	n/a	56.479191	8000	true	08675eafc56faf64	anchor_p99,angle_p99
validate-r1-jolt-joint_revolute-defaults-t4	jolt	joint_revolute	defaults	4	default	600	n/a	n/a	n/a	n/a	n/a	n/a	n/a	n/a	n/a	1.555967	0.906718	0.602135	0.339715	n/a	n/a	56.479191	8000	true	08675eafc56faf64	anchor_p99,angle_p99
validate-r1-jolt-joint_revolute-defaults-t8	jolt	joint_revolute	defaults	8	default	600	n/a	n/a	n/a	n/a	n/a	n/a	n/a	n/a	n/a	1.555967	0.906718	0.602135	0.339715	n/a	n/a	56.479191	8000	true	08675eafc56faf64	anchor_p99,angle_p99
validate-r1-jolt-joint_revolute-defaults-t16	jolt	joint_revolute	defaults	16	default	600	n/a	n/a	n/a	n/a	n/a	n/a	n/a	n/a	n/a	1.555967	0.906718	0.602135	0.339715	n/a	n/a	56.479191	8000	true	08675eafc56faf64	anchor_p99,angle_p99
validate-r1-jolt-4-joint_revolute-defaults-t1	jolt-4	joint_revolute	defaults	1	4	600	n/a	n/a	n/a	n/a	n/a	n/a	n/a	n/a	n/a	8.918486	1.737172	1.057635	0.493844	n/a	n/a	55.023277	8000	true	d9cf46677b33508a	anchor_p99,angle_p99
validate-r1-jolt-4-joint_revolute-defaults-t4	jolt-4	joint_revolute	defaults	4	4	600	n/a	n/a	n/a	n/a	n/a	n/a	n/a	n/a	n/a	8.918486	1.737172	1.057635	0.493844	n/a	n/a	55.023277	8000	true	d9cf46677b33508a	anchor_p99,angle_p99
validate-r1-jolt-4-joint_revolute-defaults-t8	jolt-4	joint_revolute	defaults	8	4	600	n/a	n/a	n/a	n/a	n/a	n/a	n/a	n/a	n/a	8.918486	1.737172	1.057635	0.493844	n/a	n/a	55.023277	8000	true	d9cf46677b33508a	anchor_p99,angle_p99
validate-r1-jolt-4-joint_revolute-defaults-t16	jolt-4	joint_revolute	defaults	16	4	600	n/a	n/a	n/a	n/a	n/a	n/a	n/a	n/a	n/a	8.918486	1.737172	1.057635	0.493844	n/a	n/a	55.023277	8000	true	d9cf46677b33508a	anchor_p99,angle_p99
validate-r1-rapier-par-joint_revolute-defaults-t1	rapier-par	joint_revolute	defaults	1	default	600	n/a	n/a	n/a	n/a	n/a	n/a	n/a	n/a	n/a	0.710362	0.203237	0.357412	0.109502	n/a	n/a	64.209267	8000	true	ba06e15bb9dd7e1f	anchor_p99,angle_p99
validate-r1-rapier-par-joint_revolute-defaults-t4	rapier-par	joint_revolute	defaults	4	default	600	n/a	n/a	n/a	n/a	n/a	n/a	n/a	n/a	n/a	0.710362	0.203237	0.357412	0.109502	n/a	n/a	64.209267	8000	true	ba06e15bb9dd7e1f	anchor_p99,angle_p99
validate-r1-rapier-par-joint_revolute-defaults-t8	rapier-par	joint_revolute	defaults	8	default	600	n/a	n/a	n/a	n/a	n/a	n/a	n/a	n/a	n/a	0.710362	0.203237	0.357412	0.109502	n/a	n/a	64.209267	8000	true	ba06e15bb9dd7e1f	anchor_p99,angle_p99
validate-r1-rapier-par-joint_revolute-defaults-t16	rapier-par	joint_revolute	defaults	16	default	600	n/a	n/a	n/a	n/a	n/a	n/a	n/a	n/a	n/a	0.710362	0.203237	0.357412	0.109502	n/a	n/a	64.209267	8000	true	ba06e15bb9dd7e1f	anchor_p99,angle_p99
validate-r1-avian-par-joint_revolute-defaults-t1	avian-par	joint_revolute	defaults	1	default	600	n/a	n/a	n/a	n/a	n/a	n/a	n/a	n/a	n/a	71.843338	12.288465	3.141593	3.006289	n/a	n/a	10792.375000	8000	true	b083dc1b151615b8	anchor_p99,angle_p99
validate-r1-avian-par-joint_revolute-defaults-t4	avian-par	joint_revolute	defaults	4	default	600	n/a	n/a	n/a	n/a	n/a	n/a	n/a	n/a	n/a	71.843338	12.288465	3.141593	3.006289	n/a	n/a	10792.375000	8000	true	b083dc1b151615b8	anchor_p99,angle_p99
validate-r1-avian-par-joint_revolute-defaults-t8	avian-par	joint_revolute	defaults	8	default	600	n/a	n/a	n/a	n/a	n/a	n/a	n/a	n/a	n/a	71.843338	12.288465	3.141593	3.006289	n/a	n/a	10792.375000	8000	true	b083dc1b151615b8	anchor_p99,angle_p99
validate-r1-avian-par-joint_revolute-defaults-t16	avian-par	joint_revolute	defaults	16	default	600	n/a	n/a	n/a	n/a	n/a	n/a	n/a	n/a	n/a	71.843338	12.288465	3.141593	3.006289	n/a	n/a	10792.375000	8000	true	b083dc1b151615b8	anchor_p99,angle_p99
validate-r1-jolt-many_pyramids-matched-t4-i2	jolt	many_pyramids	matched	4	2	600	n/a	1.000731	0.343223	0.394575	0	1.547063	9.010623	n/a	n/a	n/a	n/a	n/a	n/a	n/a	n/a	13.070928	8400	true	c46e033a9aa851e9	ground_penetration,final_speed_p99
validate-r1-jolt-many_pyramids-matched-t4-i4	jolt	many_pyramids	matched	4	4	600	n/a	0.999710	0.020040	0.021105	0	0.009112	0.861535	n/a	n/a	n/a	n/a	n/a	n/a	n/a	n/a	1.888227	8400	true	45ab6b8b0e824064	final_speed_p99
validate-r1-jolt-many_pyramids-matched-t4-i8	jolt	many_pyramids	matched	4	8	600	n/a	0.999942	0.007690	0.010547	0	0.001078	0.010480	n/a	n/a	n/a	n/a	n/a	n/a	n/a	n/a	0.568193	8400	true	79557d74687b2b59	none
validate-r1-rapier-par-many_pyramids-matched-t4-i2	rapier-par	many_pyramids	matched	4	2	600	n/a	1.000737	0.001469	0.002442	0	0.082971	0.627694	n/a	n/a	n/a	n/a	n/a	n/a	n/a	n/a	1.342803	8400	true	dbd29e51b345e3e1	final_speed_p99
validate-r1-rapier-par-many_pyramids-matched-t4-i4	rapier-par	many_pyramids	matched	4	4	600	n/a	0.999990	0.001008	0.001216	0	0.000031	0.000145	n/a	n/a	n/a	n/a	n/a	n/a	n/a	n/a	0.364989	8400	true	e52bfe07990bf14a	none
validate-r1-rapier-par-many_pyramids-matched-t4-i8	rapier-par	many_pyramids	matched	4	8	600	n/a	0.999989	0.001286	0.001295	0	0.000086	0.000414	n/a	n/a	n/a	n/a	n/a	n/a	n/a	n/a	0.167279	8400	true	d560adfe3ae2b781	none
validate-r1-avian-par-many_pyramids-matched-t4-i2	avian-par	many_pyramids	matched	4	2	600	n/a	1.001619	0.030292	0.047729	0	0.121847	2.436389	n/a	n/a	n/a	n/a	n/a	n/a	n/a	n/a	3.921157	8400	true	997dfe68dd03c76a	final_speed_p99
validate-r1-avian-par-many_pyramids-matched-t4-i4	avian-par	many_pyramids	matched	4	4	600	n/a	1.000369	0.008015	0.010451	0	0.032981	0.096379	n/a	n/a	n/a	n/a	n/a	n/a	n/a	n/a	0.981004	8400	true	3dc93330eadade23	none
validate-r1-avian-par-many_pyramids-matched-t4-i8	avian-par	many_pyramids	matched	4	8	600	n/a	1.000104	0.002184	0.002583	0	0.011053	0.028137	n/a	n/a	n/a	n/a	n/a	n/a	n/a	n/a	1.271111	8400	true	2f3f133fe50ec8ac	none
validate-r1-jolt-joint_revolute-matched-t4-i4	jolt	joint_revolute	matched	4	4	600	n/a	n/a	n/a	n/a	n/a	n/a	n/a	n/a	n/a	5.050679	1.626429	1.085184	0.493550	n/a	n/a	60.247173	8000	true	5216da91783355ed	anchor_p99,angle_p99
validate-r1-jolt-joint_revolute-matched-t4-i8	jolt	joint_revolute	matched	4	8	600	n/a	n/a	n/a	n/a	n/a	n/a	n/a	n/a	n/a	2.783533	1.065376	0.727544	0.375391	n/a	n/a	59.002384	8000	true	a29712b88723fb66	anchor_p99,angle_p99
validate-r1-rapier-par-joint_revolute-matched-t4-i2	rapier-par	joint_revolute	matched	4	2	600	n/a	n/a	n/a	n/a	n/a	n/a	n/a	n/a	n/a	1.975600	0.691739	0.848958	0.311043	n/a	n/a	54.660004	8000	true	c140942838bdd82c	anchor_p99,angle_p99
validate-r1-rapier-par-joint_revolute-matched-t4-i4	rapier-par	joint_revolute	matched	4	4	600	n/a	n/a	n/a	n/a	n/a	n/a	n/a	n/a	n/a	0.710362	0.203237	0.357412	0.109502	n/a	n/a	64.209267	8000	true	ba06e15bb9dd7e1f	anchor_p99,angle_p99
validate-r1-rapier-par-joint_revolute-matched-t4-i8	rapier-par	joint_revolute	matched	4	8	600	n/a	n/a	n/a	n/a	n/a	n/a	n/a	n/a	n/a	0.291008	0.068752	0.138831	0.040086	n/a	n/a	66.599571	8000	true	e90cbd44de1316d2	none
validate-r1-avian-par-joint_revolute-matched-t4-i2	avian-par	joint_revolute	matched	4	2	600	n/a	n/a	n/a	n/a	n/a	n/a	n/a	n/a	n/a	98.401207	17.074408	3.140902	2.864168	n/a	n/a	4322.797363	8000	true	ae724eeb9d9f8177	anchor_p99,angle_p99
validate-r1-avian-par-joint_revolute-matched-t4-i4	avian-par	joint_revolute	matched	4	4	600	n/a	n/a	n/a	n/a	n/a	n/a	n/a	n/a	n/a	158.970688	21.198238	3.141104	3.007380	n/a	n/a	18049.431641	8000	true	6ddf4eb98ded4e11	anchor_p99,angle_p99
validate-r1-avian-par-joint_revolute-matched-t4-i8	avian-par	joint_revolute	matched	4	8	600	n/a	n/a	n/a	n/a	n/a	n/a	n/a	n/a	n/a	146.145035	22.885859	3.140501	3.010580	n/a	n/a	20285.097656	8000	true	f7127e72783b187b	anchor_p99,angle_p99
validate-r1-jolt-boxes-matched-t1	jolt	boxes	matched	1	default	600	n/a	1.000000	0.008708	0.009564	0	0.000004	0.000221	n/a	n/a	n/a	n/a	n/a	n/a	n/a	n/a	0.815089	1000	true	f77a50107a6072eb	none
validate-r1-jolt-boxes-matched-t4	jolt	boxes	matched	4	default	600	n/a	1.000000	0.008708	0.009564	0	0.000004	0.000221	n/a	n/a	n/a	n/a	n/a	n/a	n/a	n/a	0.815089	1000	true	f77a50107a6072eb	none
validate-r1-jolt-boxes-matched-t8	jolt	boxes	matched	8	default	600	n/a	1.000000	0.008708	0.009564	0	0.000004	0.000221	n/a	n/a	n/a	n/a	n/a	n/a	n/a	n/a	0.815089	1000	true	f77a50107a6072eb	none
validate-r1-jolt-boxes-matched-t16	jolt	boxes	matched	16	default	600	n/a	1.000000	0.008708	0.009564	0	0.000004	0.000221	n/a	n/a	n/a	n/a	n/a	n/a	n/a	n/a	0.815089	1000	true	f77a50107a6072eb	none
validate-r1-jolt-4-boxes-matched-t1	jolt-4	boxes	matched	1	4	600	n/a	1.000001	0.020343	0.024173	0	0.000180	0.001542	n/a	n/a	n/a	n/a	n/a	n/a	n/a	n/a	1.512809	1000	true	7becdd43a7528b19	none
validate-r1-jolt-4-boxes-matched-t4	jolt-4	boxes	matched	4	4	600	n/a	1.000001	0.020343	0.024173	0	0.000180	0.001542	n/a	n/a	n/a	n/a	n/a	n/a	n/a	n/a	1.512809	1000	true	7becdd43a7528b19	none
validate-r1-jolt-4-boxes-matched-t8	jolt-4	boxes	matched	8	4	600	n/a	1.000001	0.020343	0.024173	0	0.000180	0.001542	n/a	n/a	n/a	n/a	n/a	n/a	n/a	n/a	1.512809	1000	true	7becdd43a7528b19	none
validate-r1-jolt-4-boxes-matched-t16	jolt-4	boxes	matched	16	4	600	n/a	1.000001	0.020343	0.024173	0	0.000180	0.001542	n/a	n/a	n/a	n/a	n/a	n/a	n/a	n/a	1.512809	1000	true	7becdd43a7528b19	none
validate-r1-rapier-par-boxes-matched-t1	rapier-par	boxes	matched	1	default	600	n/a	1.000000	0.003215	0.003467	0	0.000034	0.000173	n/a	n/a	n/a	n/a	n/a	n/a	n/a	n/a	1.001732	1000	true	99fda1cb29b55289	none
validate-r1-rapier-par-boxes-matched-t4	rapier-par	boxes	matched	4	default	600	n/a	1.000000	0.003215	0.003467	0	0.000034	0.000173	n/a	n/a	n/a	n/a	n/a	n/a	n/a	n/a	1.001732	1000	true	99fda1cb29b55289	none
validate-r1-rapier-par-boxes-matched-t8	rapier-par	boxes	matched	8	default	600	n/a	1.000000	0.003215	0.003467	0	0.000034	0.000173	n/a	n/a	n/a	n/a	n/a	n/a	n/a	n/a	1.001732	1000	true	99fda1cb29b55289	none
validate-r1-rapier-par-boxes-matched-t16	rapier-par	boxes	matched	16	default	600	n/a	1.000000	0.003215	0.003467	0	0.000034	0.000173	n/a	n/a	n/a	n/a	n/a	n/a	n/a	n/a	1.001732	1000	true	99fda1cb29b55289	none
validate-r1-avian-par-boxes-matched-t1	avian-par	boxes	matched	1	default	600	n/a	0.999981	0.047923	0.270944	0	0.022804	10.806533	n/a	n/a	n/a	n/a	n/a	n/a	n/a	n/a	18.944714	1000	true	3edda2ced17b441d	final_speed_p99
validate-r1-avian-par-boxes-matched-t4	avian-par	boxes	matched	4	default	600	n/a	0.999981	0.047923	0.270944	0	0.022804	10.806533	n/a	n/a	n/a	n/a	n/a	n/a	n/a	n/a	18.944714	1000	true	3edda2ced17b441d	final_speed_p99
validate-r1-avian-par-boxes-matched-t8	avian-par	boxes	matched	8	default	600	n/a	0.999981	0.047923	0.270944	0	0.022804	10.806533	n/a	n/a	n/a	n/a	n/a	n/a	n/a	n/a	18.944714	1000	true	3edda2ced17b441d	final_speed_p99
validate-r1-avian-par-boxes-matched-t16	avian-par	boxes	matched	16	default	600	n/a	0.999981	0.047923	0.270944	0	0.022804	10.806533	n/a	n/a	n/a	n/a	n/a	n/a	n/a	n/a	18.944714	1000	true	3edda2ced17b441d	final_speed_p99
validate-r1-jolt-boxes-defaults-t1	jolt	boxes	defaults	1	default	600	n/a	1.000000	0.020000	0.259614	0	0.000000	0.000000	n/a	n/a	n/a	n/a	n/a	n/a	n/a	n/a	17.685139	0	true	82a84641ee4d61b2	none
validate-r1-jolt-boxes-defaults-t4	jolt	boxes	defaults	4	default	600	n/a	1.000000	0.020000	0.259614	0	0.000000	0.000000	n/a	n/a	n/a	n/a	n/a	n/a	n/a	n/a	17.685139	0	true	82a84641ee4d61b2	none
validate-r1-jolt-boxes-defaults-t8	jolt	boxes	defaults	8	default	600	n/a	1.000000	0.020000	0.259614	0	0.000000	0.000000	n/a	n/a	n/a	n/a	n/a	n/a	n/a	n/a	17.685139	0	true	82a84641ee4d61b2	none
validate-r1-jolt-boxes-defaults-t16	jolt	boxes	defaults	16	default	600	n/a	1.000000	0.020000	0.259614	0	0.000000	0.000000	n/a	n/a	n/a	n/a	n/a	n/a	n/a	n/a	17.685139	0	true	82a84641ee4d61b2	none
validate-r1-jolt-4-boxes-defaults-t1	jolt-4	boxes	defaults	1	4	600	n/a	1.000000	0.020001	0.258268	0	0.000000	0.000000	n/a	n/a	n/a	n/a	n/a	n/a	n/a	n/a	18.019783	0	true	1ae0b6c36866cb11	none
validate-r1-jolt-4-boxes-defaults-t4	jolt-4	boxes	defaults	4	4	600	n/a	1.000000	0.020001	0.258268	0	0.000000	0.000000	n/a	n/a	n/a	n/a	n/a	n/a	n/a	n/a	18.019783	0	true	1ae0b6c36866cb11	none
validate-r1-jolt-4-boxes-defaults-t8	jolt-4	boxes	defaults	8	4	600	n/a	1.000000	0.020001	0.258268	0	0.000000	0.000000	n/a	n/a	n/a	n/a	n/a	n/a	n/a	n/a	18.019783	0	true	1ae0b6c36866cb11	none
validate-r1-jolt-4-boxes-defaults-t16	jolt-4	boxes	defaults	16	4	600	n/a	1.000000	0.020001	0.258268	0	0.000000	0.000000	n/a	n/a	n/a	n/a	n/a	n/a	n/a	n/a	18.019783	0	true	1ae0b6c36866cb11	none
validate-r1-rapier-par-boxes-defaults-t1	rapier-par	boxes	defaults	1	default	600	n/a	1.000000	0.003210	0.003467	0	0.000000	0.000000	n/a	n/a	n/a	n/a	n/a	n/a	n/a	n/a	1.001732	0	true	0e48dc4ab18ac83f	none
validate-r1-rapier-par-boxes-defaults-t4	rapier-par	boxes	defaults	4	default	600	n/a	1.000000	0.003210	0.003467	0	0.000000	0.000000	n/a	n/a	n/a	n/a	n/a	n/a	n/a	n/a	1.001732	0	true	0e48dc4ab18ac83f	none
validate-r1-rapier-par-boxes-defaults-t8	rapier-par	boxes	defaults	8	default	600	n/a	1.000000	0.003210	0.003467	0	0.000000	0.000000	n/a	n/a	n/a	n/a	n/a	n/a	n/a	n/a	1.001732	0	true	0e48dc4ab18ac83f	none
validate-r1-rapier-par-boxes-defaults-t16	rapier-par	boxes	defaults	16	default	600	n/a	1.000000	0.003210	0.003467	0	0.000000	0.000000	n/a	n/a	n/a	n/a	n/a	n/a	n/a	n/a	1.001732	0	true	0e48dc4ab18ac83f	none
validate-r1-avian-par-boxes-defaults-t1	avian-par	boxes	defaults	1	default	600	n/a	1.000398	0.007493	0.015598	0	0.010397	0.057631	n/a	n/a	n/a	n/a	n/a	n/a	n/a	n/a	0.897864	1000	true	9bc42d885f97e792	none
validate-r1-avian-par-boxes-defaults-t4	avian-par	boxes	defaults	4	default	600	n/a	1.000398	0.007493	0.015598	0	0.010397	0.057631	n/a	n/a	n/a	n/a	n/a	n/a	n/a	n/a	0.897864	1000	true	9bc42d885f97e792	none
validate-r1-avian-par-boxes-defaults-t8	avian-par	boxes	defaults	8	default	600	n/a	1.000398	0.007493	0.015598	0	0.010397	0.057631	n/a	n/a	n/a	n/a	n/a	n/a	n/a	n/a	0.897864	1000	true	9bc42d885f97e792	none
validate-r1-avian-par-boxes-defaults-t16	avian-par	boxes	defaults	16	default	600	n/a	1.000398	0.007493	0.015598	0	0.010397	0.057631	n/a	n/a	n/a	n/a	n/a	n/a	n/a	n/a	0.897864	1000	true	9bc42d885f97e792	none
validate-r1-jolt-pyramid-matched-t1	jolt	pyramid	matched	1	default	600	n/a	1.000075	0.028015	0.034396	0	0.007746	0.041453	n/a	n/a	n/a	n/a	n/a	n/a	n/a	n/a	23.707481	42925	true	781ccf3fec20ea57	none
validate-r1-jolt-pyramid-matched-t4	jolt	pyramid	matched	4	default	600	n/a	1.000075	0.028015	0.034396	0	0.007746	0.041453	n/a	n/a	n/a	n/a	n/a	n/a	n/a	n/a	23.707481	42925	true	781ccf3fec20ea57	none
validate-r1-jolt-pyramid-matched-t8	jolt	pyramid	matched	8	default	600	n/a	1.000075	0.028015	0.034396	0	0.007746	0.041453	n/a	n/a	n/a	n/a	n/a	n/a	n/a	n/a	23.707481	42925	true	781ccf3fec20ea57	none
validate-r1-jolt-pyramid-matched-t16	jolt	pyramid	matched	16	default	600	n/a	1.000075	0.028015	0.034396	0	0.007746	0.041453	n/a	n/a	n/a	n/a	n/a	n/a	n/a	n/a	23.707481	42925	true	781ccf3fec20ea57	none
validate-r1-jolt-4-pyramid-matched-t1	jolt-4	pyramid	matched	1	4	600	n/a	0.999857	0.020174	0.105019	0	0.064783	0.181281	n/a	n/a	n/a	n/a	n/a	n/a	n/a	n/a	23.707481	42925	true	1e3a1c36309f35a2	final_speed_p99
validate-r1-jolt-4-pyramid-matched-t4	jolt-4	pyramid	matched	4	4	600	n/a	0.999857	0.020174	0.105019	0	0.064783	0.181281	n/a	n/a	n/a	n/a	n/a	n/a	n/a	n/a	23.707481	42925	true	1e3a1c36309f35a2	final_speed_p99
validate-r1-jolt-4-pyramid-matched-t8	jolt-4	pyramid	matched	8	4	600	n/a	0.999857	0.020174	0.105019	0	0.064783	0.181281	n/a	n/a	n/a	n/a	n/a	n/a	n/a	n/a	23.707481	42925	true	1e3a1c36309f35a2	final_speed_p99
validate-r1-jolt-4-pyramid-matched-t16	jolt-4	pyramid	matched	16	4	600	n/a	0.999857	0.020174	0.105019	0	0.064783	0.181281	n/a	n/a	n/a	n/a	n/a	n/a	n/a	n/a	23.707481	42925	true	1e3a1c36309f35a2	final_speed_p99
validate-r1-rapier-par-pyramid-matched-t1	rapier-par	pyramid	matched	1	default	600	n/a	0.994331	0.474314	0.601858	0	0.001736	0.010267	n/a	n/a	n/a	n/a	n/a	n/a	n/a	n/a	44.402950	42925	true	d19165e13630e3e8	ground_penetration
validate-r1-rapier-par-pyramid-matched-t4	rapier-par	pyramid	matched	4	default	600	n/a	0.994331	0.474314	0.601858	0	0.001736	0.010267	n/a	n/a	n/a	n/a	n/a	n/a	n/a	n/a	44.402950	42925	true	d19165e13630e3e8	ground_penetration
validate-r1-rapier-par-pyramid-matched-t8	rapier-par	pyramid	matched	8	default	600	n/a	0.994331	0.474314	0.601858	0	0.001736	0.010267	n/a	n/a	n/a	n/a	n/a	n/a	n/a	n/a	44.402950	42925	true	d19165e13630e3e8	ground_penetration
validate-r1-rapier-par-pyramid-matched-t16	rapier-par	pyramid	matched	16	default	600	n/a	0.994331	0.474314	0.601858	0	0.001736	0.010267	n/a	n/a	n/a	n/a	n/a	n/a	n/a	n/a	44.402950	42925	true	d19165e13630e3e8	ground_penetration
validate-r1-avian-par-pyramid-matched-t1	avian-par	pyramid	matched	1	default	600	n/a	0.978940	0.333171	0.443739	0	0.044548	0.188523	n/a	n/a	n/a	n/a	n/a	n/a	n/a	n/a	36.398815	42925	true	64a5f679b9d9902a	ground_penetration,final_speed_p99
validate-r1-avian-par-pyramid-matched-t4	avian-par	pyramid	matched	4	default	600	n/a	0.978940	0.333171	0.443739	0	0.044548	0.188523	n/a	n/a	n/a	n/a	n/a	n/a	n/a	n/a	36.398815	42925	true	64a5f679b9d9902a	ground_penetration,final_speed_p99
validate-r1-avian-par-pyramid-matched-t8	avian-par	pyramid	matched	8	default	600	n/a	0.978940	0.333171	0.443739	0	0.044548	0.188523	n/a	n/a	n/a	n/a	n/a	n/a	n/a	n/a	36.398815	42925	true	64a5f679b9d9902a	ground_penetration,final_speed_p99
validate-r1-avian-par-pyramid-matched-t16	avian-par	pyramid	matched	16	default	600	n/a	0.978940	0.333171	0.443739	0	0.044548	0.188523	n/a	n/a	n/a	n/a	n/a	n/a	n/a	n/a	36.398815	42925	true	64a5f679b9d9902a	ground_penetration,final_speed_p99
validate-r1-jolt-pyramid-defaults-t1	jolt	pyramid	defaults	1	default	600	n/a	0.999956	0.023687	0.043731	0	0.007456	0.015515	n/a	n/a	n/a	n/a	n/a	n/a	n/a	n/a	22.755209	42925	true	8e8510c79a7dd2a9	none
validate-r1-jolt-pyramid-defaults-t4	jolt	pyramid	defaults	4	default	600	n/a	0.999956	0.023687	0.043731	0	0.007456	0.015515	n/a	n/a	n/a	n/a	n/a	n/a	n/a	n/a	22.755209	42925	true	8e8510c79a7dd2a9	none
validate-r1-jolt-pyramid-defaults-t8	jolt	pyramid	defaults	8	default	600	n/a	0.999956	0.023687	0.043731	0	0.007456	0.015515	n/a	n/a	n/a	n/a	n/a	n/a	n/a	n/a	22.755209	42925	true	8e8510c79a7dd2a9	none
validate-r1-jolt-pyramid-defaults-t16	jolt	pyramid	defaults	16	default	600	n/a	0.999956	0.023687	0.043731	0	0.007456	0.015515	n/a	n/a	n/a	n/a	n/a	n/a	n/a	n/a	22.755209	42925	true	8e8510c79a7dd2a9	none
validate-r1-jolt-4-pyramid-defaults-t1	jolt-4	pyramid	defaults	1	4	600	n/a	1.000260	0.020040	0.079906	0	0.032870	0.090711	n/a	n/a	n/a	n/a	n/a	n/a	n/a	n/a	22.899611	42925	true	e52b919677de0db3	none
validate-r1-jolt-4-pyramid-defaults-t4	jolt-4	pyramid	defaults	4	4	600	n/a	1.000260	0.020040	0.079906	0	0.032870	0.090711	n/a	n/a	n/a	n/a	n/a	n/a	n/a	n/a	22.899611	42925	true	e52b919677de0db3	none
validate-r1-jolt-4-pyramid-defaults-t8	jolt-4	pyramid	defaults	8	4	600	n/a	1.000260	0.020040	0.079906	0	0.032870	0.090711	n/a	n/a	n/a	n/a	n/a	n/a	n/a	n/a	22.899611	42925	true	e52b919677de0db3	none
validate-r1-jolt-4-pyramid-defaults-t16	jolt-4	pyramid	defaults	16	4	600	n/a	1.000260	0.020040	0.079906	0	0.032870	0.090711	n/a	n/a	n/a	n/a	n/a	n/a	n/a	n/a	22.899611	42925	true	e52b919677de0db3	none
validate-r1-rapier-par-pyramid-defaults-t1	rapier-par	pyramid	defaults	1	default	600	n/a	0.994331	0.003792	0.043466	0	0.001736	0.010267	n/a	n/a	n/a	n/a	n/a	n/a	n/a	n/a	44.402950	42924	true	1a54d2bcf214b284	none
validate-r1-rapier-par-pyramid-defaults-t4	rapier-par	pyramid	defaults	4	default	600	n/a	0.994331	0.003792	0.043466	0	0.001736	0.010267	n/a	n/a	n/a	n/a	n/a	n/a	n/a	n/a	44.402950	42924	true	1a54d2bcf214b284	none
validate-r1-rapier-par-pyramid-defaults-t8	rapier-par	pyramid	defaults	8	default	600	n/a	0.994331	0.003792	0.043466	0	0.001736	0.010267	n/a	n/a	n/a	n/a	n/a	n/a	n/a	n/a	44.402950	42924	true	1a54d2bcf214b284	none
validate-r1-rapier-par-pyramid-defaults-t16	rapier-par	pyramid	defaults	16	default	600	n/a	0.994331	0.003792	0.043466	0	0.001736	0.010267	n/a	n/a	n/a	n/a	n/a	n/a	n/a	n/a	44.402950	42924	true	1a54d2bcf214b284	none
validate-r1-avian-par-pyramid-defaults-t1	avian-par	pyramid	defaults	1	default	600	n/a	1.000186	0.020856	0.033686	0	0.025446	0.107847	n/a	n/a	n/a	n/a	n/a	n/a	n/a	n/a	22.890137	42925	true	3eff921fe43eff25	final_speed_p99
validate-r1-avian-par-pyramid-defaults-t4	avian-par	pyramid	defaults	4	default	600	n/a	1.000186	0.020856	0.033686	0	0.025446	0.107847	n/a	n/a	n/a	n/a	n/a	n/a	n/a	n/a	22.890137	42925	true	3eff921fe43eff25	final_speed_p99
validate-r1-avian-par-pyramid-defaults-t8	avian-par	pyramid	defaults	8	default	600	n/a	1.000186	0.020856	0.033686	0	0.025446	0.107847	n/a	n/a	n/a	n/a	n/a	n/a	n/a	n/a	22.890137	42925	true	3eff921fe43eff25	final_speed_p99
validate-r1-avian-par-pyramid-defaults-t16	avian-par	pyramid	defaults	16	default	600	n/a	1.000186	0.020856	0.033686	0	0.025446	0.107847	n/a	n/a	n/a	n/a	n/a	n/a	n/a	n/a	22.890137	42925	true	3eff921fe43eff25	final_speed_p99
validate-r1-jolt-many_pyramids-matched-t1	jolt	many_pyramids	matched	1	default	600	n/a	1.000000	0.005366	0.008088	0	0.002301	0.026427	n/a	n/a	n/a	n/a	n/a	n/a	n/a	n/a	0.489217	8400	true	8199bf5872252bc1	none
validate-r1-jolt-many_pyramids-matched-t4	jolt	many_pyramids	matched	4	default	600	n/a	1.000000	0.005366	0.008088	0	0.002301	0.026427	n/a	n/a	n/a	n/a	n/a	n/a	n/a	n/a	0.489217	8400	true	8199bf5872252bc1	none
validate-r1-jolt-many_pyramids-matched-t8	jolt	many_pyramids	matched	8	default	600	n/a	1.000000	0.005366	0.008088	0	0.002301	0.026427	n/a	n/a	n/a	n/a	n/a	n/a	n/a	n/a	0.489217	8400	true	8199bf5872252bc1	none
validate-r1-jolt-many_pyramids-matched-t16	jolt	many_pyramids	matched	16	default	600	n/a	1.000000	0.005366	0.008088	0	0.002301	0.026427	n/a	n/a	n/a	n/a	n/a	n/a	n/a	n/a	0.489217	8400	true	8199bf5872252bc1	none
validate-r1-jolt-4-many_pyramids-matched-t1	jolt-4	many_pyramids	matched	1	4	600	n/a	0.999941	0.020040	0.021105	0	0.009112	0.861535	n/a	n/a	n/a	n/a	n/a	n/a	n/a	n/a	1.888227	8400	true	45ab6b8b0e824064	final_speed_p99
validate-r1-jolt-4-many_pyramids-matched-t4	jolt-4	many_pyramids	matched	4	4	600	n/a	0.999941	0.020040	0.021105	0	0.009112	0.861535	n/a	n/a	n/a	n/a	n/a	n/a	n/a	n/a	1.888227	8400	true	45ab6b8b0e824064	final_speed_p99
validate-r1-jolt-4-many_pyramids-matched-t8	jolt-4	many_pyramids	matched	8	4	600	n/a	0.999941	0.020040	0.021105	0	0.009112	0.861535	n/a	n/a	n/a	n/a	n/a	n/a	n/a	n/a	1.888227	8400	true	45ab6b8b0e824064	final_speed_p99
validate-r1-jolt-4-many_pyramids-matched-t16	jolt-4	many_pyramids	matched	16	4	600	n/a	0.999941	0.020040	0.021105	0	0.009112	0.861535	n/a	n/a	n/a	n/a	n/a	n/a	n/a	n/a	1.888227	8400	true	45ab6b8b0e824064	final_speed_p99
validate-r1-rapier-par-many_pyramids-matched-t1	rapier-par	many_pyramids	matched	1	default	600	n/a	1.000000	0.001008	0.001216	0	0.000031	0.000145	n/a	n/a	n/a	n/a	n/a	n/a	n/a	n/a	0.364989	8400	true	e52bfe07990bf14a	none
validate-r1-rapier-par-many_pyramids-matched-t4	rapier-par	many_pyramids	matched	4	default	600	n/a	1.000000	0.001008	0.001216	0	0.000031	0.000145	n/a	n/a	n/a	n/a	n/a	n/a	n/a	n/a	0.364989	8400	true	e52bfe07990bf14a	none
validate-r1-rapier-par-many_pyramids-matched-t8	rapier-par	many_pyramids	matched	8	default	600	n/a	1.000000	0.001008	0.001216	0	0.000031	0.000145	n/a	n/a	n/a	n/a	n/a	n/a	n/a	n/a	0.364989	8400	true	e52bfe07990bf14a	none
validate-r1-rapier-par-many_pyramids-matched-t16	rapier-par	many_pyramids	matched	16	default	600	n/a	1.000000	0.001008	0.001216	0	0.000031	0.000145	n/a	n/a	n/a	n/a	n/a	n/a	n/a	n/a	0.364989	8400	true	e52bfe07990bf14a	none
validate-r1-avian-par-many_pyramids-matched-t1	avian-par	many_pyramids	matched	1	default	600	n/a	1.000166	0.008015	0.010451	0	0.032981	0.096379	n/a	n/a	n/a	n/a	n/a	n/a	n/a	n/a	0.981004	8400	true	3dc93330eadade23	none
validate-r1-avian-par-many_pyramids-matched-t4	avian-par	many_pyramids	matched	4	default	600	n/a	1.000166	0.008015	0.010451	0	0.032981	0.096379	n/a	n/a	n/a	n/a	n/a	n/a	n/a	n/a	0.981004	8400	true	3dc93330eadade23	none
validate-r1-avian-par-many_pyramids-matched-t8	avian-par	many_pyramids	matched	8	default	600	n/a	1.000166	0.008015	0.010451	0	0.032981	0.096379	n/a	n/a	n/a	n/a	n/a	n/a	n/a	n/a	0.981004	8400	true	3dc93330eadade23	none
validate-r1-avian-par-many_pyramids-matched-t16	avian-par	many_pyramids	matched	16	default	600	n/a	1.000166	0.008015	0.010451	0	0.032981	0.096379	n/a	n/a	n/a	n/a	n/a	n/a	n/a	n/a	0.981004	8400	true	3dc93330eadade23	none
validate-r1-jolt-many_pyramids-defaults-t1	jolt	many_pyramids	defaults	1	default	600	n/a	1.000000	0.005852	0.008047	0	0.000000	0.000000	n/a	n/a	n/a	n/a	n/a	n/a	n/a	n/a	0.491297	0	true	e3431a88026d6d70	none
validate-r1-jolt-many_pyramids-defaults-t4	jolt	many_pyramids	defaults	4	default	600	n/a	1.000000	0.005852	0.008047	0	0.000000	0.000000	n/a	n/a	n/a	n/a	n/a	n/a	n/a	n/a	0.491297	0	true	e3431a88026d6d70	none
validate-r1-jolt-many_pyramids-defaults-t8	jolt	many_pyramids	defaults	8	default	600	n/a	1.000000	0.005852	0.008047	0	0.000000	0.000000	n/a	n/a	n/a	n/a	n/a	n/a	n/a	n/a	0.491297	0	true	e3431a88026d6d70	none
validate-r1-jolt-many_pyramids-defaults-t16	jolt	many_pyramids	defaults	16	default	600	n/a	1.000000	0.005852	0.008047	0	0.000000	0.000000	n/a	n/a	n/a	n/a	n/a	n/a	n/a	n/a	0.491297	0	true	e3431a88026d6d70	none
validate-r1-jolt-4-many_pyramids-defaults-t1	jolt-4	many_pyramids	defaults	1	4	600	n/a	1.000000	0.020098	0.021347	0	0.003286	1.563359	n/a	n/a	n/a	n/a	n/a	n/a	n/a	n/a	3.434903	6300	true	d2d2d5b5b9439a13	final_speed_p99
validate-r1-jolt-4-many_pyramids-defaults-t4	jolt-4	many_pyramids	defaults	4	4	600	n/a	1.000000	0.020098	0.021347	0	0.003286	1.563359	n/a	n/a	n/a	n/a	n/a	n/a	n/a	n/a	3.434903	6300	true	d2d2d5b5b9439a13	final_speed_p99
validate-r1-jolt-4-many_pyramids-defaults-t8	jolt-4	many_pyramids	defaults	8	4	600	n/a	1.000000	0.020098	0.021347	0	0.003286	1.563359	n/a	n/a	n/a	n/a	n/a	n/a	n/a	n/a	3.434903	6300	true	d2d2d5b5b9439a13	final_speed_p99
validate-r1-jolt-4-many_pyramids-defaults-t16	jolt-4	many_pyramids	defaults	16	4	600	n/a	1.000000	0.020098	0.021347	0	0.003286	1.563359	n/a	n/a	n/a	n/a	n/a	n/a	n/a	n/a	3.434903	6300	true	d2d2d5b5b9439a13	final_speed_p99
validate-r1-rapier-par-many_pyramids-defaults-t1	rapier-par	many_pyramids	defaults	1	default	600	n/a	1.000000	0.001001	0.001216	0	0.000000	0.000000	n/a	n/a	n/a	n/a	n/a	n/a	n/a	n/a	0.364989	0	true	fc2b30f80b9ba168	none
validate-r1-rapier-par-many_pyramids-defaults-t4	rapier-par	many_pyramids	defaults	4	default	600	n/a	1.000000	0.001001	0.001216	0	0.000000	0.000000	n/a	n/a	n/a	n/a	n/a	n/a	n/a	n/a	0.364989	0	true	fc2b30f80b9ba168	none
validate-r1-rapier-par-many_pyramids-defaults-t8	rapier-par	many_pyramids	defaults	8	default	600	n/a	1.000000	0.001001	0.001216	0	0.000000	0.000000	n/a	n/a	n/a	n/a	n/a	n/a	n/a	n/a	0.364989	0	true	fc2b30f80b9ba168	none
validate-r1-rapier-par-many_pyramids-defaults-t16	rapier-par	many_pyramids	defaults	16	default	600	n/a	1.000000	0.001001	0.001216	0	0.000000	0.000000	n/a	n/a	n/a	n/a	n/a	n/a	n/a	n/a	0.364989	0	true	fc2b30f80b9ba168	none
validate-r1-avian-par-many_pyramids-defaults-t1	avian-par	many_pyramids	defaults	1	default	600	n/a	1.000009	0.003246	0.004294	0	0.016442	0.047213	n/a	n/a	n/a	n/a	n/a	n/a	n/a	n/a	2.289002	7140	true	6df99ea20ed80676	none
validate-r1-avian-par-many_pyramids-defaults-t4	avian-par	many_pyramids	defaults	4	default	600	n/a	1.000009	0.003246	0.004294	0	0.016442	0.047213	n/a	n/a	n/a	n/a	n/a	n/a	n/a	n/a	2.289002	7140	true	6df99ea20ed80676	none
validate-r1-avian-par-many_pyramids-defaults-t8	avian-par	many_pyramids	defaults	8	default	600	n/a	1.000009	0.003246	0.004294	0	0.016442	0.047213	n/a	n/a	n/a	n/a	n/a	n/a	n/a	n/a	2.289002	7140	true	6df99ea20ed80676	none
validate-r1-avian-par-many_pyramids-defaults-t16	avian-par	many_pyramids	defaults	16	default	600	n/a	1.000009	0.003246	0.004294	0	0.016442	0.047213	n/a	n/a	n/a	n/a	n/a	n/a	n/a	n/a	2.289002	7140	true	6df99ea20ed80676	none
validate-r1-jolt-keva-matched-t1	jolt	keva	matched	1	default	600	n/a	0.246323	68.152679	68.152679	13	0.714388	13.694255	n/a	n/a	n/a	n/a	n/a	n/a	n/a	n/a	54.558411	38270	true	3a4e5f953f8d251b	height_ratio,ground_penetration,fallen,final_speed_p99
validate-r1-jolt-keva-matched-t4	jolt	keva	matched	4	default	600	n/a	0.246323	68.152679	68.152679	13	0.714388	13.694255	n/a	n/a	n/a	n/a	n/a	n/a	n/a	n/a	54.558411	38270	true	3a4e5f953f8d251b	height_ratio,ground_penetration,fallen,final_speed_p99
validate-r1-jolt-keva-matched-t8	jolt	keva	matched	8	default	600	n/a	0.246323	68.152679	68.152679	13	0.714388	13.694255	n/a	n/a	n/a	n/a	n/a	n/a	n/a	n/a	54.558411	38270	true	3a4e5f953f8d251b	height_ratio,ground_penetration,fallen,final_speed_p99
validate-r1-jolt-keva-matched-t16	jolt	keva	matched	16	default	600	n/a	0.246323	68.152679	68.152679	13	0.714388	13.694255	n/a	n/a	n/a	n/a	n/a	n/a	n/a	n/a	54.558411	38270	true	3a4e5f953f8d251b	height_ratio,ground_penetration,fallen,final_speed_p99
validate-r1-jolt-4-keva-matched-t1	jolt-4	keva	matched	1	4	600	n/a	0.180675	433.153961	433.153961	2269	0.354998	54.213150	n/a	n/a	n/a	n/a	n/a	n/a	n/a	n/a	91.988411	38270	true	e5c1f98858533243	height_ratio,ground_penetration,fallen,final_speed_p99
validate-r1-jolt-4-keva-matched-t4	jolt-4	keva	matched	4	4	600	n/a	0.180675	433.153961	433.153961	2269	0.354998	54.213150	n/a	n/a	n/a	n/a	n/a	n/a	n/a	n/a	91.988411	38270	true	e5c1f98858533243	height_ratio,ground_penetration,fallen,final_speed_p99
validate-r1-jolt-4-keva-matched-t8	jolt-4	keva	matched	8	4	600	n/a	0.180675	433.153961	433.153961	2269	0.354998	54.213150	n/a	n/a	n/a	n/a	n/a	n/a	n/a	n/a	91.988411	38270	true	e5c1f98858533243	height_ratio,ground_penetration,fallen,final_speed_p99
validate-r1-jolt-4-keva-matched-t16	jolt-4	keva	matched	16	4	600	n/a	0.180675	433.153961	433.153961	2269	0.354998	54.213150	n/a	n/a	n/a	n/a	n/a	n/a	n/a	n/a	91.988411	38270	true	e5c1f98858533243	height_ratio,ground_penetration,fallen,final_speed_p99
validate-r1-rapier-par-keva-matched-t1	rapier-par	keva	matched	1	default	600	n/a	1.000506	0.010382	0.017400	0	0.141887	0.269966	n/a	n/a	n/a	n/a	n/a	n/a	n/a	n/a	3.461320	38270	true	9759d3ebde1548f6	final_speed_p99
validate-r1-rapier-par-keva-matched-t4	rapier-par	keva	matched	4	default	600	n/a	1.000506	0.010382	0.017400	0	0.141887	0.269966	n/a	n/a	n/a	n/a	n/a	n/a	n/a	n/a	3.461320	38270	true	9759d3ebde1548f6	final_speed_p99
validate-r1-rapier-par-keva-matched-t8	rapier-par	keva	matched	8	default	600	n/a	1.000506	0.010382	0.017400	0	0.141887	0.269966	n/a	n/a	n/a	n/a	n/a	n/a	n/a	n/a	3.461320	38270	true	9759d3ebde1548f6	final_speed_p99
validate-r1-rapier-par-keva-matched-t16	rapier-par	keva	matched	16	default	600	n/a	1.000506	0.010382	0.017400	0	0.141887	0.269966	n/a	n/a	n/a	n/a	n/a	n/a	n/a	n/a	3.461320	38270	true	9759d3ebde1548f6	final_speed_p99
validate-r1-avian-par-keva-matched-t1	avian-par	keva	matched	1	default	600	n/a	0.228516	361.583618	361.583618	779	0.656836	30.800726	n/a	n/a	n/a	n/a	n/a	n/a	n/a	n/a	89.496986	38270	true	b1bbd7461bb591f6	height_ratio,ground_penetration,fallen,final_speed_p99
validate-r1-avian-par-keva-matched-t4	avian-par	keva	matched	4	default	600	n/a	0.228516	361.583618	361.583618	779	0.656836	30.800726	n/a	n/a	n/a	n/a	n/a	n/a	n/a	n/a	89.496986	38270	true	b1bbd7461bb591f6	height_ratio,ground_penetration,fallen,final_speed_p99
validate-r1-avian-par-keva-matched-t8	avian-par	keva	matched	8	default	600	n/a	0.228516	361.583618	361.583618	779	0.656836	30.800726	n/a	n/a	n/a	n/a	n/a	n/a	n/a	n/a	89.496986	38270	true	b1bbd7461bb591f6	height_ratio,ground_penetration,fallen,final_speed_p99
validate-r1-avian-par-keva-matched-t16	avian-par	keva	matched	16	default	600	n/a	0.228516	361.583618	361.583618	779	0.656836	30.800726	n/a	n/a	n/a	n/a	n/a	n/a	n/a	n/a	89.496986	38270	true	b1bbd7461bb591f6	height_ratio,ground_penetration,fallen,final_speed_p99
validate-r1-jolt-keva-defaults-t1	jolt	keva	defaults	1	default	600	n/a	0.241268	109.771332	109.771332	3793	2.270232	27.464169	n/a	n/a	n/a	n/a	n/a	n/a	n/a	n/a	51.085495	38267	true	d8b31f5d7ae67c65	height_ratio,ground_penetration,fallen,final_speed_p99
validate-r1-jolt-keva-defaults-t4	jolt	keva	defaults	4	default	600	n/a	0.241268	109.771332	109.771332	3793	2.270232	27.464169	n/a	n/a	n/a	n/a	n/a	n/a	n/a	n/a	51.085495	38267	true	d8b31f5d7ae67c65	height_ratio,ground_penetration,fallen,final_speed_p99
validate-r1-jolt-keva-defaults-t8	jolt	keva	defaults	8	default	600	n/a	0.241268	109.771332	109.771332	3793	2.270232	27.464169	n/a	n/a	n/a	n/a	n/a	n/a	n/a	n/a	51.085495	38267	true	d8b31f5d7ae67c65	height_ratio,ground_penetration,fallen,final_speed_p99
validate-r1-jolt-keva-defaults-t16	jolt	keva	defaults	16	default	600	n/a	0.241268	109.771332	109.771332	3793	2.270232	27.464169	n/a	n/a	n/a	n/a	n/a	n/a	n/a	n/a	51.085495	38267	true	d8b31f5d7ae67c65	height_ratio,ground_penetration,fallen,final_speed_p99
validate-r1-jolt-4-keva-defaults-t1	jolt-4	keva	defaults	1	4	600	n/a	0.149925	380.599731	380.599731	4602	0.696802	44.016476	n/a	n/a	n/a	n/a	n/a	n/a	n/a	n/a	74.110840	38270	true	ac27f091f9344e96	height_ratio,ground_penetration,fallen,final_speed_p99
validate-r1-jolt-4-keva-defaults-t4	jolt-4	keva	defaults	4	4	600	n/a	0.149925	380.599731	380.599731	4602	0.696802	44.016476	n/a	n/a	n/a	n/a	n/a	n/a	n/a	n/a	74.110840	38270	true	ac27f091f9344e96	height_ratio,ground_penetration,fallen,final_speed_p99
validate-r1-jolt-4-keva-defaults-t8	jolt-4	keva	defaults	8	4	600	n/a	0.149925	380.599731	380.599731	4602	0.696802	44.016476	n/a	n/a	n/a	n/a	n/a	n/a	n/a	n/a	74.110840	38270	true	ac27f091f9344e96	height_ratio,ground_penetration,fallen,final_speed_p99
validate-r1-jolt-4-keva-defaults-t16	jolt-4	keva	defaults	16	4	600	n/a	0.149925	380.599731	380.599731	4602	0.696802	44.016476	n/a	n/a	n/a	n/a	n/a	n/a	n/a	n/a	74.110840	38270	true	ac27f091f9344e96	height_ratio,ground_penetration,fallen,final_speed_p99
validate-r1-rapier-par-keva-defaults-t1	rapier-par	keva	defaults	1	default	600	n/a	1.000506	0.010382	0.017400	0	0.141887	0.269966	n/a	n/a	n/a	n/a	n/a	n/a	n/a	n/a	3.461320	38270	true	9759d3ebde1548f6	final_speed_p99
validate-r1-rapier-par-keva-defaults-t4	rapier-par	keva	defaults	4	default	600	n/a	1.000506	0.010382	0.017400	0	0.141887	0.269966	n/a	n/a	n/a	n/a	n/a	n/a	n/a	n/a	3.461320	38270	true	9759d3ebde1548f6	final_speed_p99
validate-r1-rapier-par-keva-defaults-t8	rapier-par	keva	defaults	8	default	600	n/a	1.000506	0.010382	0.017400	0	0.141887	0.269966	n/a	n/a	n/a	n/a	n/a	n/a	n/a	n/a	3.461320	38270	true	9759d3ebde1548f6	final_speed_p99
validate-r1-rapier-par-keva-defaults-t16	rapier-par	keva	defaults	16	default	600	n/a	1.000506	0.010382	0.017400	0	0.141887	0.269966	n/a	n/a	n/a	n/a	n/a	n/a	n/a	n/a	3.461320	38270	true	9759d3ebde1548f6	final_speed_p99
validate-r1-avian-par-keva-defaults-t1	avian-par	keva	defaults	1	default	600	n/a	0.234649	17.720209	17.720209	12	3.006135	13.007080	n/a	n/a	n/a	n/a	n/a	n/a	n/a	n/a	54.673111	38263	true	3770193b5f21f4eb	height_ratio,ground_penetration,fallen,final_speed_p99
validate-r1-avian-par-keva-defaults-t4	avian-par	keva	defaults	4	default	600	n/a	0.234649	17.720209	17.720209	12	3.006135	13.007080	n/a	n/a	n/a	n/a	n/a	n/a	n/a	n/a	54.673111	38263	true	3770193b5f21f4eb	height_ratio,ground_penetration,fallen,final_speed_p99
validate-r1-avian-par-keva-defaults-t8	avian-par	keva	defaults	8	default	600	n/a	0.234649	17.720209	17.720209	12	3.006135	13.007080	n/a	n/a	n/a	n/a	n/a	n/a	n/a	n/a	54.673111	38263	true	3770193b5f21f4eb	height_ratio,ground_penetration,fallen,final_speed_p99
validate-r1-avian-par-keva-defaults-t16	avian-par	keva	defaults	16	default	600	n/a	0.234649	17.720209	17.720209	12	3.006135	13.007080	n/a	n/a	n/a	n/a	n/a	n/a	n/a	n/a	54.673111	38263	true	3770193b5f21f4eb	height_ratio,ground_penetration,fallen,final_speed_p99
