tick	ns	physics_ns
1	47481865	27650606
2	14819573	10557751
3	14739614	10507917
4	14755603	10532353
5	22278797	18038034
6	22380027	18009060
7	32619181	28173404
8	21105783	16816780
9	22062152	17824475
10	32048233	27681254
11	22199058	17843399
12	30171963	25855308
13	22199919	17829694
14	30092825	25715236
15	22318251	17804037
16	30522809	25976004
17	22222562	17877113
18	31095561	26638914
19	22789102	18255170
20	36441932	31953786
21	33121801	28659374
22	64212904	59752520
23	61362671	56894183
24	60516879	56082083
25	60129916	55689358
26	60676418	56195526
27	59940862	55471952
28	59956771	55480047
29	64448103	59964957
30	93013651	88543539
31	93251325	88813064
32	87517449	83057196
33	64028198	59566612
34	60810859	56346918
35	70746126	66272827
36	90134415	85640689
37	110590162	106323240
38	125867982	121447102
39	120193978	115746848
40	115880128	111458226
41	127313075	122868541
42	158826779	154389978
43	154047758	149654820
44	138138166	133698531
45	117220165	112772965
46	132630693	128200014
47	183884413	179420643
48	192093250	187658915
49	190057101	185639417
50	194232412	189824987
51	225809182	221393021
52	223364579	218968746
53	218821821	214415768
54	215560700	211143658
55	254641108	250234084
56	251667065	247186382
57	259964707	255497961
58	258332143	253897948
59	288720260	284355385
60	286976167	282390158
61	287392777	282622303
62	272769681	268338211
63	317076997	312490116
64	311638232	306676801
65	343741728	339046295
66	336572157	331875681
67	337082201	332405843
68	357987839	353234797
69	359931585	355067856
70	362389683	357701343
71	383716329	379095084
72	385633526	380984198
73	381118449	376114949
74	406956614	402001936
75	406679456	401946342
76	401152286	396386351
77	422227521	417427703
78	420476396	415674453
79	422838083	418068871
80	441132216	436256085
81	448671470	443991695
82	450571153	445796962
83	463593665	458827598
84	464671661	460063340
85	474379311	469650365
86	474459892	469679449
87	487807651	483024783
88	491538109	486846462
89	505197833	500685812
90	503585787	498969812
91	506533962	502037951
92	505019909	500255577
93	513248533	508515849
94	519651120	515025606
95	519154801	514532574
96	529924538	525083883
97	533822880	528960335
98	545692014	540869502
99	541735603	537184289
100	555937971	551356821
101	556302181	551570791
102	566984706	562250790
103	560575045	555779013
104	568929714	564189446
105	562822820	558123559
106	567173799	562571268
107	567344769	562690311
108	575975113	571518396
109	573063015	568372611
110	582565061	578028283
111	581987539	577241512
112	591360784	586651064
113	589772422	585069205
114	591888431	587353607
115	587582115	582863388
116	594018255	589102569
117	591414825	586948099
118	644925857	640415309
119	612760716	608146695
120	622509111	617800393
121	600294414	595355826
122	598030148	593444150
123	593948002	589213866
124	603724340	598997438
125	599412434	594698806
126	605047986	600330722
127	601418066	596693878
128	605631117	600946293
129	600322156	595811457
130	606894901	602144804
131	605568730	600893334
132	607424962	602838372
133	604819487	600126759
134	605064356	600477806
135	604502305	599867814
136	605341404	600639709
137	606241658	601684132
138	607535057	602923029
139	612198891	607474614
140	608448977	603718006
141	613282367	608573349
142	612414144	607705445
143	612795486	608123457
144	615614981	610978248
145	618202852	613552553
146	618031841	613227725
147	614989069	610302933
148	613778174	609031505
149	613525692	608800131
150	614803271	610103420
151	615237974	610621198
152	614373518	609644331
153	616457575	611540647
154	616876169	612375058
155	615267750	610596481
156	614016949	609458212
157	612850678	608248950
158	615280573	610888627
159	611986000	607422564
160	610000195	605489076
161	610182847	605633255
162	612709162	608025010
163	610472077	605838650
164	610741962	606219531
165	606106390	601549085
166	609275128	604591737
167	604953243	600402891
168	607912899	603218086
169	611440718	606915423
170	611121480	606570608
171	611055367	606440113
172	612108457	607425587
173	611344318	606699378
174	610346961	605719686
175	609897530	605311161
176	605711931	601148885
177	600143022	595658314
178	600235085	595730559
179	595131487	590215611
180	596339246	591746304
181	594846655	590311972
182	595684311	591124050
183	600264369	595628446
184	605556408	601001717
185	602692371	598094720
186	603707889	599092195
187	603839266	599365135
188	603235306	598608751
189	606830250	602241927
190	602787648	598312376
191	600175141	595707743
192	597041779	592513418
193	596979813	592523126
194	601044426	596570036
195	598887501	594273160
196	597094888	592533765
197	594291082	589671882
198	597575747	593096878
199	604212391	599716882
200	602673062	598087714
201	602688170	598163476
202	602380575	597812960
203	601307236	596682886
204	602161114	597512868
205	600493815	596057826
206	601858818	597417299
207	604565261	600065974
208	600818932	596267749
209	596117828	591525306
210	600496769	595885403
211	599517848	594868600
212	599400559	594859784
213	598865718	594257027
214	600990042	596397731
215	603841515	599240269
216	595595851	591059945
217	594705785	590129735
218	596090606	591532800
219	599959704	595414962
220	600987296	596300117
221	603178214	598544556
222	596499630	591858227
223	603198471	598586775
224	603772706	599078354
225	597676001	593170252
226	592964417	588372436
227	593690535	589053660
228	594588385	589738862
229	594798237	590264195
230	603676395	599074416
231	599609536	594971450
232	594177735	589513110
233	597126933	592460663
234	597841268	593351139
235	614536279	609831539
236	630710365	625729017
237	631669089	626847258
238	620797711	616213806
239	614794912	610012677
240	624646932	619571648
241	617694647	612866875
242	597010754	592354283
243	599758223	595088248
244	611219734	606463737
245	613316375	608601876
246	614232579	609237015
247	631371811	626516729
248	602503157	597917108
249	596320091	591753548
250	600058333	595425377
251	598735228	594084408
252	598870732	594339285
253	601084432	596558897
254	594106660	589514009
255	598652333	594064801
256	598635962	594064751
257	597549069	592835150
258	599313248	594721128
259	599860953	595341579
260	593866350	589275982
261	594464157	589824618
262	594510043	589870264
263	599514975	594829541
264	595858765	591336777
265	594731898	590231539
266	595385660	590726164
267	594364651	589479992
268	594226391	589596651
269	595982897	591354038
270	599553677	595110155
271	599388758	594825722
272	601084380	596457475
273	591742374	587256914
274	594727659	589948809
275	592875233	588274788
276	594911101	590343748
277	599539038	595006650
278	598637031	594003954
279	601549799	596979641
280	597868624	593263850
281	599806718	595212315
282	600535892	595659230
283	600273541	595628412
284	600431877	595819860
285	598283719	593687110
286	600046186	595420834
287	600590233	595726415
288	598008945	593651444
289	594328880	589723265
290	600632883	596104191
291	601458908	596956516
292	596487178	591848059
293	598040152	593318600
294	599608336	595062923
295	597608354	592967223
296	600477581	595792417
297	600420775	595803497
298	598982284	594321276
299	598003784	593440447
300	599639523	595051721
301	600823098	596196583
302	598623433	594021283
303	597993284	593538220
304	597880141	593425208
305	596179090	591650719
306	596409380	591793595
307	594424166	589797311
308	591931454	587294089
309	594243237	589615681
310	599473431	594883916
311	596592392	592010140
312	594010281	589520944
313	594153299	589491719
314	595057931	590389388
315	594220243	589633053
316	598242959	593631292
317	595008007	590485838
318	594440626	589927473
319	595484408	590786209
320	600061551	595533560
321	603514950	598979506
322	596542337	591883752
323	600078762	595508914
324	600276902	595831858
325	599696317	595090571
326	600947977	596069272
327	599721383	595102091
328	597533310	592748459
329	602579790	598123795
330	599840406	595295193
331	594869777	590189702
332	597559368	593119052
333	595352299	590847542
334	601313951	596573784
335	600094110	595456704
336	603196633	598568305
337	600846016	596100087
338	600359295	595645507
339	599381375	594813571
340	601238620	596772385
341	598152416	593542212
342	593921271	589264700
343	599218891	594587347
344	601892632	597210644
345	600410901	595870788
346	601590908	596882460
347	596608678	592029021
348	594283047	589663817
349	597289871	592583016
350	593348389	588787387
351	594110003	589512403
352	596259043	591839326
353	594598197	589997040
354	594275443	589583174
355	595418209	590808005
356	599308547	594693885
357	596348991	591738977
358	599873333	595341727
359	601042290	596542753
360	600432299	595867951
361	600535272	595880244
362	600458748	595813729
363	603005152	598376533
364	593746832	589141548
365	597877229	593312639
366	592966723	588330570
367	596629424	592015623
368	598240497	593610737
369	592197313	587532296
370	598739621	594136931
371	600437477	595824007
372	601219640	596793761
373	602592518	597954262
374	600433540	595732265
375	601236642	596627860
376	600929167	596382241
377	599372925	594833032
378	600377885	595704633
379	601759259	597231599
380	599267056	594563778
381	600198609	595535316
382	598600920	593802946
383	600082422	595654960
384	598591112	593989824
385	598458454	593766025
386	601318293	596713108
387	604664482	599954071
388	598336465	593693299
389	596007398	591295684
390	602661755	597933571
391	601060420	596452450
392	594988681	590351598
393	600410184	595725681
394	600241728	595750347
395	597265521	592783327
396	595818644	591220903
397	602164474	597601860
398	601956386	597306286
399	599359507	594515536
400	597109197	592637102
401	600743076	596114216
402	602191805	597487946
403	602950404	598349878
404	599171174	594561051
405	602698853	598025461
406	660865581	656206166
407	624685742	619518826
408	628977681	623971376
409	610807201	606134811
410	603617561	598970458
411	601782098	597306736
412	602926960	598519995
413	606440812	601930345
414	602748115	598203813
415	602684314	598165051
416	603724420	598800630
417	597690493	593079798
418	600879178	596164168
419	602530697	597808644
420	603384103	598845173
421	598213070	593500384
422	610948864	606303043
423	611233175	606606250
424	596175519	591677164
425	599215455	594594491
426	595310701	590602413
427	598375102	593693245
428	597024115	592385218
429	602035720	597341989
430	603583886	598999831
431	596109414	591577657
432	599351178	594696561
433	602517911	597787352
434	602379322	597812910
435	602896179	598315360
436	603155363	598589883
437	603472657	598988929
438	603153340	598642711
439	602608962	597668239
440	605361299	600803404
441	602850462	598304479
442	599908720	595325065
443	603467297	598907226
444	597789515	593241988
445	596705508	591996629
446	597459377	592830428
447	599841874	595212043
448	596711137	592143033
449	601020579	596437946
450	603955549	599357197
451	601755914	597237021
452	603614651	599117669
453	606232688	601774038
454	603219161	598697472
455	600844438	596138245
456	603437950	598935598
457	604267131	599759098
458	604909282	600269533
459	605276148	600389247
460	604432279	599880825
461	601700910	597123458
462	608833964	604268343
463	602351938	597686390
464	595281803	590655718
465	598041624	593441520
466	595785865	591090982
467	598819139	594120169
468	600763716	596149746
469	600097220	595449325
470	599614336	594911238
471	599588748	595028718
472	601996873	597371700
473	598662414	593930844
474	600923475	596142080
475	607391454	602725325
476	600238603	595541487
477	597787569	593201649
478	598581322	593923640
479	598089713	593560621
480	597433536	592714698
481	607421519	602739180
482	603867811	599160766
483	606156562	601405756
484	604960535	600399333
485	605954976	601341194
486	605831214	601126974
487	603945857	599597142
488	606752286	602176537
489	606590574	601960283
490	606986154	602292203
491	605625218	600995628
492	607827136	603219317
493	610988460	606354361
494	604618965	599921829
495	603338210	598702096
496	604718030	600109039
497	606962990	602408169
498	608154318	603511744
499	601691318	597130126
500	609085660	604541620
501	601840598	597289113
502	603763604	599130729
503	607425023	602700686
504	608127698	603557329
505	607132636	602521430
506	609395128	604494631
507	607692062	603179330
508	604489592	599864920
509	605736754	601198134
510	607227954	602692290
511	607815222	603232138
512	606730814	602122212
513	605482759	600889668
514	599276840	594669742
515	602037815	597482453
516	603293984	598690593
517	602144574	597507190
518	603168490	598264245
519	604570953	599962461
520	601847438	597216826
521	602260551	597662129
522	603977853	599475791
523	608403291	603808596
524	609459617	604815089
525	608927421	604366470
526	611053789	606445659
527	603916818	599236473
528	610762103	606133014
529	609328231	604581121
530	609887296	605345540
531	612856400	608232591
532	609446221	604829304
533	607725271	603128102
534	610322911	605760516
535	610471208	605919674
536	611475076	606818405
537	611868261	607401015
538	611980742	607387509
539	604757279	600198301
540	610210000	605677501
541	607854883	603273854
542	610875514	606311236
543	610678986	606190630
544	608853952	604383270
545	604865661	600235370
546	605315513	600620540
547	610861507	606296006
548	611157049	606268745
549	611583117	607051459
550	611863992	607248929
551	612419000	607816771
552	612206182	607657854
553	606226546	601496699
554	614803099	610245584
555	606177554	601587489
556	612631617	607927929
557	606915415	602306733
558	605822640	601096990
559	604436547	599854225
560	605274625	600852693
561	605393116	600745051
562	612620236	607945310
563	610962143	606343964
564	611965390	607445475
565	610843381	606233547
566	607066216	602385581
567	606416179	601797189
568	608497803	603866300
569	612971121	608253506
570	613021555	608397285
571	612940915	608398788
572	614521861	609968904
573	612154743	607594113
574	615783110	611218512
575	612936375	608380333
576	611511390	606762086
577	606028764	601451972
578	607558766	602928635
579	610203914	605560047
580	614559482	610058261
581	609843339	605201747
582	616369266	611862396
583	614603463	609975937
584	614977323	610425638
585	614227700	609681626
586	618232722	613560943
587	612498655	607928287
588	614374905	609825284
589	617127263	612433583
590	610070112	605388114
591	609258423	604651025
592	615563298	610993759
593	610241002	605595682
594	616946706	612436639
595	613436539	608956188
596	607203239	602668727
597	609691023	605106317
598	609384168	604809090
599	611178495	606637431
600	617995356	613307287
