tick	ns
1	6285044
2	1076623
3	683529
4	645647
5	639496
6	1415667
7	867332
8	675935
9	1419043
10	837076
11	1460751
12	839490
13	1425636
14	844971
15	1450292
16	865108
17	901255
18	949325
19	925400
20	928576
21	912616
22	923357
23	913999
24	914591
25	917976
26	940249
27	911184
28	902788
29	898170
30	914380
31	890936
32	918197
33	886378
34	908298
35	886909
36	903760
37	882741
38	896847
39	872221
40	889975
41	867462
42	894643
43	882851
44	1119894
45	1014518
46	1078817
47	1052959
48	1156072
49	1098144
50	1109374
51	1133140
52	1393285
53	1175238
54	1345046
55	1271608
56	1316321
57	1290413
58	1332231
59	1332772
60	1598790
61	1406591
62	1781692
63	1350806
64	1414755
65	1429823
66	1379319
67	1758589
68	1600102
69	1520233
70	1511587
71	1523780
72	1527807
73	1491238
74	1463998
75	1543837
76	1564646
77	1617655
78	1594902
79	1604290
80	1575326
81	1694869
82	1604431
83	1613587
84	1693517
85	1724215
86	1635809
87	1812039
88	1767916
89	1651488
90	1798814
91	1706552
92	2577500
93	1873624
94	1834821
95	1817659
96	1900274
97	1847906
98	1967539
99	1872943
100	1963712
101	2098274
102	2055584
103	2024827
104	2087293
105	2058249
106	2071705
107	2027802
108	2038973
109	2033793
110	2108864
111	2065623
112	2121988
113	2134542
114	2155902
115	2246501
116	2235982
117	2231402
118	2268463
119	2285103
120	2303448
121	2269003
122	2296354
123	2297095
124	2353141
125	2331159
126	2362679
127	2363590
128	2416339
129	2433270
130	2490718
131	2460631
132	2477723
133	2474157
134	2475519
135	2546482
136	2579274
137	2538647
138	2583432
139	2596696
140	2624107
141	2634086
142	2690331
143	2681745
144	2691303
145	2702775
146	2716419
147	2726649
148	2764920
149	2777815
150	2832888
151	2781812
152	2832727
153	3023164
154	2894433
155	2867542
156	2915392
157	2885556
158	2933977
159	2938986
160	2990994
161	2959965
162	3006553
163	2968070
164	3013886
165	3032451
166	3027963
167	3153327
168	3064280
169	3051787
170	3092754
171	3070201
172	3122991
173	3093525
174	3154369
175	3125465
176	3184715
177	3174427
178	3227105
179	3193341
180	3208761
181	3207739
182	3214491
183	3182973
184	3243966
185	3179806
186	3226133
187	3190787
188	3209892
189	3260498
190	3281837
191	3261469
192	3285935
193	3337452
194	3352639
195	3304079
196	3342270
197	3324848
198	3315440
199	3289071
200	3420256
201	3374531
202	3397784
203	3350967
204	3390159
205	3350485
206	3373198
207	3343513
208	3388998
209	3363159
210	3407582
211	3415948
212	3424193
213	3492160
214	3493934
215	3444872
216	3494635
217	3556651
218	3582720
219	3532416
220	3586697
221	3799786
222	3617876
223	3644736
224	3629427
225	3625039
226	3661738
227	3699017
228	3720989
229	3765331
230	3755934
231	3745264
232	3766173
233	3810396
234	3823109
235	3807190
236	3873003
237	3898751
238	3900674
239	3921804
240	3933857
241	3930360
242	3949967
243	3946750
244	3966207
245	4147466
246	3951980
247	3919880
248	3971006
249	4041678
250	4059501
251	4054002
252	5817008
253	4144811
254	4126136
255	4118051
256	4109135
257	4098033
258	4169497
259	4125595
260	4148998
261	4151062
262	4211997
263	4245960
264	4236242
265	4192150
266	4250038
267	4229940
268	4246932
269	4193182
270	4228918
271	4232285
272	4241371
273	4314838
274	4339555
275	4360434
276	4418994
277	4400710
278	4455542
279	4446445
280	4492050
281	4461704
282	4567461
283	4499534
284	4532486
285	4581147
286	4554878
287	4538998
288	4589483
289	4576338
290	4634517
291	4622675
292	4673930
293	4694158
294	4727200
295	4725006
296	4746807
297	4744322
298	4789406
299	4892530
300	4891938
301	4840472
302	4906736
303	4903019
304	4900855
305	4993688
306	5040526
307	5058549
308	5006272
309	5001053
310	5046968
311	5042890
312	5097573
313	5189435
314	5151554
315	5148468
316	5160390
317	5102472
318	5153437
319	5193933
320	5241903
321	5276407
322	5260207
323	5208751
324	5590414
325	5330708
326	5266008
327	5253134
328	5353201
329	5259545
330	5292147
331	5283811
332	5351568
333	5348392
334	5397934
335	5385491
336	5414725
337	5417651
338	5488844
339	5491039
340	5505015
341	5618797
342	5635569
343	5613688
344	5628906
345	5620261
346	5656828
347	5689761
348	5697524
349	5687667
350	5719455
351	5713405
352	5760031
353	5736778
354	5762335
355	5805316
356	5760723
357	5807350
358	5841454
359	5780059
360	5837356
361	5807150
362	5850260
363	5799506
364	5868685
365	5910883
366	5934699
367	5956489
368	5970284
369	6060494
370	5965255
371	5935580
372	5998628
373	5974633
374	5948484
375	5984982
376	5993248
377	5929228
378	5920161
379	5857114
380	5857333
381	5821136
382	5826426
383	5812369
384	5833549
385	5755232
386	5808573
387	5793384
388	5796630
389	5796449
390	5855511
391	5776061
392	5854519
393	5817278
394	5823390
395	5734333
396	5751896
397	5760072
398	5765953
399	5763868
400	5681795
401	5703726
402	5745655
403	5677177
404	5679871
405	5698246
406	5655797
407	5899813
408	5830373
409	5680884
410	5704538
411	5609520
412	5607667
413	5602627
414	5642642
415	5609290
416	5623316
417	5575366
418	5597408
419	5586016
420	5561570
421	5603128
422	5550920
423	5545531
424	5579744
425	5544688
426	5530032
427	5531584
428	5541213
429	5533938
430	5667739
431	5861060
432	7285574
433	6424635
434	6430705
435	6091180
436	5873685
437	5804955
438	5721299
439	5675894
440	5706080
441	5720738
442	5699959
443	5669482
444	5586888
445	5669713
446	5596115
447	5556381
448	5571098
449	5600423
450	5654233
451	5636651
452	5635158
453	5598931
454	5631120
455	5652560
456	5650216
457	5633745
458	5639356
459	5570417
460	5597788
461	5625641
462	5607746
463	5603939
464	5593981
465	5587549
466	5626622
467	5571739
468	5592509
469	5606765
470	5649495
471	5566820
472	5563234
473	5551882
474	5591016
475	5565738
476	5578432
477	5516296
478	5625330
479	5620050
480	5621132
481	5604731
482	5659604
483	5554658
484	5589763
485	5571088
486	5566009
487	5534861
488	5600493
489	5573463
490	5601986
491	5542575
492	5601234
493	5575887
494	5608318
495	5517598
496	5568764
497	5489456
498	5566970
499	5537035
500	5547324
501	5530612
502	5588862
503	5536764
504	5558676
505	5491740
506	5564225
507	5527537
508	5533798
509	5560279
510	5472564
511	5492311
512	5475670
513	5462405
514	5481000
515	5429954
516	5480950
517	5449000
518	5438811
519	5435555
520	5447457
521	5419164
522	5446435
523	5431558
524	5532045
525	5488824
526	5454089
527	5437549
528	5407262
529	5402964
530	5381033
531	5285554
532	5365193
533	5369361
534	5379300
535	5320760
536	5337141
537	5347650
538	5339436
539	5354102
540	5291476
541	5296284
542	5258454
543	5265897
544	5329346
545	5343813
546	5262772
547	5290333
548	5232755
549	5202029
550	5213760
551	5223819
552	5168415
553	5102782
554	5157564
555	5086903
556	5080661
557	5104235
558	5092523
559	5051537
560	5109094
561	5005270
562	5010130
563	4975965
564	4961639
565	4939848
566	4940408
567	4914019
568	4961478
569	4895726
570	4927264
571	4850180
572	4880607
573	4806018
574	4810506
575	4792422
576	4770351
577	4803743
578	4768617
579	4629868
580	4703526
581	4660305
582	4666026
583	4596596
584	4565157
585	4557814
586	4558324
587	4522808
588	4573813
589	4575726
590	4574435
591	4502490
592	4573142
593	4918247
594	4797761
595	4584563
596	4474167
597	4482893
598	4430346
599	4388116
600	4367537
